pitches,player_id,player_name,total_pitches,pitch_percent,ba,iso,babip,slg,woba,xwoba,xba,hits,abs,launch_speed,launch_angle,spin_rate,velocity,effective_speed,whiffs,swings,takes,eff_min_vel,release_extension,pos3_int_start_distance,pos4_int_start_distance,pos5_int_start_distance,pos6_int_start_distance,pos7_int_start_distance,pos8_int_start_distance,pos9_int_start_distance
3687,545333,Trevor Bauer,3687,100,0.23,0.199,0.29,0.429,0.32,0.311,0.227,184,800,83.4,17.8,2456,87.1,86.71,489,1662,1999,-0.4,6,111,153,115,148,291,311,289
3553,458681,Lance Lynn,3553,100,0.243,0.146,0.322,0.39,0.297,0.288,0.232,195,801,82.8,19.6,2436,91.9,91.92,497,1729,1803,0,6.23,110,154,114,149,293,322,300
3495,593958,Eduardo Rodriguez,3495,100,0.253,0.138,0.318,0.391,0.31,0.294,0.23,195,770,82,14.6,2163,90.5,90,444,1622,1865,-0.5,5.92,107,150,115,149,287,322,288
3448,434378,Justin Verlander,3448,100,0.172,0.188,0.219,0.361,0.246,0.249,0.189,137,796,82.1,22.3,2599,89.6,88.69,602,1785,1652,-0.9,5.83,113,157,117,152,290,316,297
3384,544931,Stephen Strasburg,3384,100,0.21,0.139,0.276,0.349,0.268,0.266,0.212,161,768,83.1,11.6,2245,88.7,89.45,492,1599,1761,0.8,6.71,114,151,112,149,303,316,296
3362,543037,Gerrit Cole,3362,100,0.186,0.156,0.276,0.343,0.249,0.238,0.184,142,762,82.6,19.9,2559,92.4,92,624,1675,1680,-0.4,6.11,112,155,119,151,289,316,297
3358,501985,Mike Minor,3358,100,0.244,0.151,0.288,0.395,0.304,0.299,0.233,190,779,81.8,18.5,2563,88.4,87.47,421,1598,1746,-0.9,5.61,105,152,111,147,293,322,298
3332,669456,Shane Bieber,3332,100,0.23,0.163,0.298,0.393,0.283,0.3,0.246,186,810,85.9,16.1,2256,88.4,88.6,487,1588,1734,0.2,6.27,111,152,115,150,290,312,290
3332,605400,Aaron Nola,3332,100,0.233,0.16,0.297,0.393,0.307,0.307,0.236,176,755,84,11.2,2198,86.7,86.94,393,1475,1836,0.2,6.43,111,151,117,150,299,323,294
3299,571578,Patrick Corbin,3299,100,0.227,0.149,0.295,0.375,0.288,0.304,0.23,169,746,84.6,11.3,2245,86.7,86.58,492,1548,1733,-0.1,6.2,109,150,112,147,304,316,295
3297,594798,Jacob deGrom,3297,100,0.207,0.117,0.285,0.323,0.252,0.253,0.209,154,745,81.5,17.2,2302,94,95.27,549,1743,1527,1.3,6.82,113,150,111,146,297,315,294
3244,518516,Madison Bumgarner,3244,100,0.245,0.181,0.292,0.426,0.304,0.316,0.255,191,780,84.8,20.7,2435,87.3,87.25,404,1637,1589,0,6.22,108,150,113,146,300,326,295
3232,594835,Marco Gonzales,3232,100,0.264,0.157,0.295,0.422,0.315,0.312,0.258,210,794,83.3,19.8,2246,84.3,83.94,277,1534,1684,-0.4,6.04,105,154,114,146,297,317,288
3179,656427,Jack Flaherty,3179,100,0.192,0.143,0.244,0.335,0.257,0.278,0.217,135,704,82.1,18.2,2257,89.3,89.97,469,1520,1646,0.7,6.54,113,152,112,149,297,321,299
3163,625643,Reynaldo Lopez,3163,100,0.278,0.213,0.317,0.491,0.353,0.337,0.26,203,729,83.7,21.8,2051,90.3,90.03,380,1538,1615,-0.3,6.01,110,150,112,148,294,322,296
3159,554430,Zack Wheeler,3159,100,0.258,0.133,0.316,0.391,0.297,0.298,0.25,196,760,82.7,15.1,2288,93.1,93.94,369,1598,1550,0.8,6.66,112,150,112,145,295,314,293
3158,622491,Luis Castillo,3158,100,0.202,0.141,0.265,0.343,0.279,0.277,0.208,139,688,82.8,7.6,2112,91.6,90.03,531,1473,1656,-1.6,5.36,116,156,116,147,289,314,289
3139,450203,Charlie Morton,3139,100,0.215,0.126,0.299,0.34,0.273,0.275,0.22,154,717,82,12.4,2477,87.3,86.31,440,1484,1638,-1,5.8,108,156,115,148,293,323,298
3132,621244,Jose Berrios,3132,100,0.251,0.154,0.301,0.404,0.304,0.303,0.246,194,774,82.5,16,2136,87.8,87.84,358,1531,1584,0,6.33,108,153,114,147,297,323,296
3118,571510,Matthew Boyd,3118,100,0.247,0.218,0.31,0.465,0.324,0.297,0.227,178,721,83.1,22.1,2349,85.9,85.75,484,1550,1556,-0.2,6.06,107,150,115,147,299,329,291
3113,425844,Zack Greinke,3113,100,0.228,0.136,0.274,0.364,0.266,0.282,0.242,175,767,82.3,13.2,2244,85.3,84.63,350,1449,1654,-0.7,5.75,113,155,116,151,297,325,302
3095,592789,Noah Syndergaard,3095,100,0.256,0.154,0.315,0.41,0.304,0.28,0.234,194,758,82.7,13.3,2091,93.6,93.97,421,1557,1512,0.4,6.39,112,150,112,144,297,315,294
3091,645261,Sandy Alcantara,3091,100,0.241,0.156,0.274,0.397,0.311,0.322,0.246,179,743,83.3,12.6,2347,91.5,90.31,360,1510,1549,-1.2,5.62,108,155,117,148,300,323,297
3064,592662,Robbie Ray,3064,100,0.234,0.207,0.315,0.441,0.326,0.321,0.231,150,642,82.4,18,2181,88.1,87.81,453,1375,1669,-0.3,6.03,111,151,116,150,301,327,300
3047,573186,Marcus Stroman,3047,100,0.257,0.127,0.308,0.384,0.302,0.294,0.249,183,711,83.7,6.8,2543,89.6,88.66,336,1363,1670,-0.9,5.55,111,152,115,148,299,318,297
3043,452657,Jon Lester,3043,100,0.294,0.176,0.35,0.47,0.348,0.34,0.282,205,698,83.2,16.1,2305,86.3,86.3,293,1381,1646,0,6.11,107,150,109,149,296,319,294
3036,527054,Julio Teheran,3036,100,0.229,0.16,0.27,0.389,0.313,0.323,0.24,148,645,82.5,18.3,2372,86.6,86.39,305,1370,1648,-0.2,6.03,109,151,113,150,306,327,298
3006,502188,Jeff Samardzija,3006,100,0.225,0.186,0.242,0.411,0.293,0.326,0.254,152,677,84,21.6,2461,88.7,88.47,289,1445,1546,-0.2,6.05,111,153,115,149,297,327,300
3005,467100,Ivan Nova,3005,100,0.303,0.18,0.323,0.483,0.355,0.347,0.294,225,743,84.3,12.7,2165,88.5,87.91,270,1458,1526,-0.6,5.84,109,150,112,149,294,322,295
2992,543699,Tanner Roark,2992,100,0.275,0.192,0.323,0.467,0.344,0.346,0.278,180,655,83.6,18.4,2185,87.9,87.15,286,1360,1607,-0.7,5.79,114,153,118,149,294,320,293
2975,502190,Mike Leake,2975,100,0.286,0.219,0.296,0.506,0.346,0.354,0.299,227,793,85.1,13.7,2116,85.3,83.72,270,1493,1466,-1.6,5.17,111,154,112,148,297,321,296
2968,489119,Wade Miley,2968,100,0.254,0.152,0.289,0.406,0.314,0.304,0.247,164,646,82.6,9.1,2175,85.6,84.87,302,1316,1638,-0.7,5.75,108,152,116,147,290,319,296
2962,518876,Merrill Kelly,2962,100,0.26,0.188,0.294,0.447,0.322,0.344,0.275,184,709,84.4,14.9,2422,88.3,88.13,311,1388,1561,-0.2,6.14,112,153,116,152,302,328,301
2960,519144,Rick Porcello,2960,100,0.278,0.205,0.31,0.483,0.342,0.337,0.265,198,712,83,19.3,2368,86.2,85.6,262,1452,1493,-0.6,5.88,111,152,116,149,284,323,294
2926,596001,Jakob Junis,2926,100,0.276,0.193,0.318,0.468,0.344,0.345,0.274,192,696,85.6,15.4,2190,86.7,85.87,300,1323,1590,-0.8,5.64,112,151,119,141,301,326,306
2909,543243,Sonny Gray,2909,100,0.196,0.129,0.259,0.325,0.267,0.284,0.212,122,622,83.1,10.4,2676,88.4,88.37,345,1215,1674,0,6.2,116,155,117,147,293,316,289
2899,571666,Mike Fiers,2899,100,0.243,0.165,0.256,0.408,0.307,0.335,0.266,166,683,82.8,17.6,2368,85.9,84.83,250,1364,1519,-1.1,5.6,111,149,120,151,299,325,300
2876,425794,Adam Wainwright,2876,100,0.273,0.166,0.323,0.44,0.333,0.327,0.265,181,662,83.4,12.6,2418,83.1,83.05,232,1204,1649,-0.1,6.2,112,151,110,149,297,323,299
2867,571945,Miles Mikolas,2867,100,0.272,0.177,0.304,0.449,0.322,0.328,0.279,193,710,83.8,13,2327,88.6,88.23,304,1402,1442,-0.4,6.03,113,151,111,149,296,322,299
2848,641712,Dakota Hudson,2848,100,0.245,0.158,0.275,0.403,0.319,0.334,0.263,160,652,84.8,6.4,2202,90.7,90.97,297,1246,1580,0.3,6.27,113,150,110,148,296,321,299
2848,506433,Yu Darvish,2848,100,0.213,0.198,0.268,0.411,0.297,0.295,0.223,140,657,83.2,16.5,2517,88.3,88.16,411,1354,1460,-0.1,6,114,151,111,152,294,320,296
2838,621111,Walker Buehler,2838,100,0.223,0.145,0.292,0.368,0.273,0.275,0.229,153,685,84,17.6,2586,92.8,92.71,381,1420,1403,-0.1,6.08,112,158,118,146,297,317,298
2836,456701,Homer Bailey,2836,100,0.256,0.147,0.302,0.403,0.31,0.318,0.267,162,632,84.5,17.1,1802,88.5,88.75,332,1372,1457,0.2,6.3,113,150,123,143,303,327,304
2826,500779,Jose Quintana,2826,100,0.282,0.158,0.329,0.44,0.324,0.324,0.275,191,678,85,16,1981,86.9,87.03,262,1246,1573,0.1,6.25,110,151,111,150,297,320,295
2814,608337,Lucas Giolito,2814,100,0.205,0.169,0.274,0.373,0.279,0.28,0.215,131,640,82.2,22.9,2095,88.9,89.57,452,1391,1415,0.7,6.6,109,150,113,148,296,323,298
2787,543606,Jake Odorizzi,2787,100,0.234,0.137,0.305,0.371,0.292,0.3,0.234,139,593,82.6,23.1,2096,89,88.43,380,1363,1411,-0.6,5.83,109,154,114,147,298,326,295
2787,547888,Masahiro Tanaka,2787,100,0.261,0.189,0.293,0.45,0.318,0.316,0.265,186,713,84.2,13.5,2073,86.6,85.6,326,1401,1381,-1,5.58,108,153,115,149,293,325,290
2778,605164,Dylan Bundy,2778,100,0.256,0.205,0.297,0.462,0.333,0.309,0.241,161,628,82.7,18.1,2308,85.9,84.92,383,1358,1411,-1,5.65,106,153,115,147,302,326,299
2772,527048,Martin Perez,2772,100,0.279,0.159,0.318,0.439,0.337,0.304,0.248,184,659,81.8,10.5,2114,89.7,89.27,292,1346,1412,-0.4,5.95,105,152,113,145,299,322,288
2770,453286,Max Scherzer,2770,100,0.222,0.149,0.322,0.371,0.272,0.254,0.206,144,650,82.5,17.7,2336,89.6,89.02,491,1447,1309,-0.6,5.93,114,151,112,148,300,314,296
2764,502043,Kyle Gibson,2764,100,0.275,0.168,0.333,0.443,0.336,0.331,0.27,175,637,83.7,8.6,2156,88.4,89.17,376,1276,1469,0.8,6.62,109,153,113,146,297,324,293
2759,663423,Trent Thornton,2759,100,0.259,0.181,0.302,0.439,0.328,0.327,0.26,156,603,83.2,18.8,2543,87.6,86.74,299,1219,1528,-0.9,5.65,110,154,118,149,303,326,301
2721,579328,Yusei Kikuchi,2721,100,0.295,0.244,0.31,0.539,0.372,0.344,0.281,195,660,84.3,16.2,2172,87.3,87.57,259,1294,1415,0.3,6.29,105,153,113,145,300,317,287
2711,641745,Brad Keller,2711,100,0.247,0.135,0.283,0.381,0.31,0.33,0.263,154,624,84.5,13.3,2294,90.6,90.19,246,1235,1454,-0.4,5.79,111,151,119,140,303,326,304
2706,547943,Hyun-Jin Ryu,2706,100,0.234,0.126,0.282,0.359,0.266,0.281,0.253,160,685,82,11.2,1968,84.7,85.17,332,1333,1358,0.5,6.38,112,156,114,146,297,317,290
2702,571927,Steven Matz,2702,100,0.26,0.193,0.304,0.454,0.328,0.322,0.256,163,626,83.5,14.2,2188,88.8,88.78,287,1246,1436,0,6.28,110,150,110,145,299,317,292
2698,543294,Kyle Hendricks,2698,100,0.249,0.148,0.292,0.397,0.294,0.297,0.255,168,675,80.3,18.9,2101,83,82.39,292,1322,1359,-0.6,5.73,113,151,110,152,295,320,295
2696,457918,J.A. Happ,2696,100,0.258,0.211,0.281,0.469,0.333,0.327,0.258,160,620,83.8,20.2,2162,89.3,88.73,306,1286,1394,-0.6,5.93,106,153,115,148,297,326,288
2690,434671,Anibal Sanchez,2690,100,0.236,0.17,0.266,0.406,0.3,0.313,0.255,153,647,82.3,19.1,2081,86.4,86.34,291,1296,1383,-0.1,6.06,114,151,113,147,302,316,295
2681,607644,John Means,2681,100,0.234,0.183,0.256,0.417,0.299,0.305,0.24,138,590,81.5,24.8,2347,86.5,85.8,285,1281,1389,-0.7,5.79,105,152,116,147,301,324,295
2680,605200,Zach Davies,2680,100,0.256,0.16,0.276,0.416,0.313,0.341,0.282,155,606,83.5,15.7,2118,85.1,84.32,202,1161,1507,-0.8,5.78,109,158,114,151,302,321,295
2672,477132,Clayton Kershaw,2672,100,0.222,0.173,0.267,0.394,0.284,0.294,0.241,145,654,83.5,12.9,2547,86.2,85.76,376,1355,1299,-0.4,5.97,112,155,112,145,297,316,291
2670,608331,Max Fried,2670,100,0.27,0.149,0.338,0.419,0.319,0.297,0.254,174,644,84.1,6,2326,87.2,86.97,325,1250,1400,-0.2,5.98,108,151,114,149,306,326,296
2668,543101,Anthony DeSclafani,2668,100,0.238,0.184,0.276,0.422,0.304,0.301,0.238,151,635,84,16.1,2168,91.3,91.54,302,1278,1380,0.2,6.24,116,157,115,148,292,315,289
2665,572020,James Paxton,2665,100,0.242,0.181,0.315,0.423,0.314,0.295,0.228,138,570,82.5,20.4,2177,91.1,91.16,408,1327,1332,0.1,6.24,106,153,116,148,294,321,285
2661,605513,Spencer Turnbull,2661,100,0.267,0.146,0.333,0.413,0.332,0.329,0.258,154,576,84,14.3,2365,90.4,90.11,308,1245,1395,-0.3,6.01,110,149,113,149,298,329,295
2661,592761,Caleb Smith,2661,100,0.223,0.23,0.252,0.454,0.319,0.321,0.228,128,573,82.1,24.7,2310,87.7,85.64,366,1311,1332,-2.1,5.04,105,153,115,148,302,324,294
2659,474463,Brett Anderson,2659,100,0.265,0.142,0.28,0.408,0.311,0.344,0.287,181,682,85.4,7.4,1941,86.9,86.02,215,1250,1391,-0.9,5.61,105,148,120,148,300,324,297
2657,605397,Joe Musgrove,2657,100,0.254,0.183,0.3,0.437,0.313,0.305,0.251,168,662,84.2,13.7,2397,88.3,87.61,338,1367,1269,-0.7,5.66,111,150,120,148,304,325,300
2643,664192,Joey Lucchesi,2643,100,0.233,0.173,0.274,0.405,0.301,0.299,0.235,144,619,82.7,15.7,2174,86.2,86.15,303,1184,1443,0,6.05,112,153,114,149,305,328,303
2616,608566,German Marquez,2616,100,0.259,0.182,0.308,0.441,0.314,0.324,0.268,174,671,85.4,9.5,2348,91,89.45,343,1282,1316,-1.5,5.14,114,153,113,148,306,333,306
2571,621107,Zach Eflin,2571,100,0.268,0.184,0.295,0.452,0.328,0.315,0.26,172,642,83,14.4,2165,90.1,90.51,248,1220,1336,0.4,6.41,110,151,116,150,300,324,295
2557,647336,Mike Soroka,2557,100,0.236,0.104,0.282,0.34,0.275,0.304,0.264,153,647,83,6.6,2348,88.8,86.94,281,1233,1301,-1.9,5.07,108,151,113,149,305,327,296
2511,488768,Andrew Cashner,2511,100,0.253,0.165,0.28,0.418,0.32,0.345,0.268,144,570,84.8,14.7,2038,88.7,87.23,256,1136,1369,-1.5,5.28,108,153,117,148,295,324,300
2510,641778,Eric Lauer,2510,100,0.268,0.161,0.318,0.43,0.325,0.311,0.248,158,589,82.8,19.6,2242,87.9,87.15,238,1186,1304,-0.8,5.76,112,152,113,149,303,324,301
2505,450306,Jason Vargas,2505,100,0.249,0.175,0.28,0.424,0.321,0.322,0.242,141,566,81.9,18.4,2248,80.2,79.5,262,1079,1408,-0.7,5.85,109,150,113,146,301,321,292
2466,519242,Chris Sale,2466,100,0.221,0.191,0.311,0.412,0.298,0.285,0.217,123,556,82,14.8,2351,86.5,85.52,372,1163,1284,-1,5.83,107,150,115,149,287,322,286
2456,543475,Jordan Lyles,2456,100,0.243,0.21,0.286,0.454,0.325,0.308,0.233,131,538,83.3,18.8,2239,87.9,88.48,278,1158,1291,0.6,6.54,109,152,118,150,305,321,298
2433,628317,Kenta Maeda,2433,100,0.202,0.168,0.245,0.371,0.277,0.274,0.216,114,564,80.7,17.7,2195,86.6,85.98,382,1174,1239,-0.6,5.74,112,158,119,145,294,317,295
2430,605135,Chris Bassitt,2430,100,0.229,0.165,0.268,0.394,0.302,0.304,0.235,125,545,82,18.9,2183,89.1,88.81,237,1130,1283,-0.3,6.01,111,148,119,151,300,325,300
2394,430935,Cole Hamels,2394,100,0.26,0.146,0.32,0.406,0.32,0.326,0.257,141,542,84.9,15.3,1968,87.3,87.22,308,1121,1254,-0.1,6.15,109,150,109,150,299,322,295
2392,502624,Chase Anderson,2392,100,0.24,0.209,0.27,0.449,0.324,0.321,0.25,126,526,82.4,23.3,2233,88.8,87.73,279,1183,1193,-1.1,5.58,109,156,115,151,302,318,294
2373,592351,Jon Gray,2373,100,0.259,0.178,0.319,0.437,0.326,0.325,0.269,147,567,84.6,11.5,2150,91.2,91.17,296,1121,1240,0,5.98,114,153,114,148,306,332,307
2361,596057,Daniel Norris,2361,100,0.275,0.198,0.312,0.473,0.338,0.333,0.266,154,560,85.2,16.1,2249,87.3,85.98,257,1113,1233,-1.3,5.35,106,150,114,146,300,328,291
2327,592866,Trevor Williams,2327,100,0.284,0.229,0.308,0.513,0.356,0.343,0.277,162,571,83.3,19.6,2114,88.5,89.17,259,1159,1150,0.7,6.49,110,150,119,148,304,323,298
2305,592717,Aaron Sanchez,2305,100,0.278,0.179,0.321,0.457,0.356,0.343,0.266,145,521,84.5,12.8,2300,89,88.91,224,1023,1267,-0.1,6.29,110,153,116,150,303,325,301
2290,670950,Trevor Richards,2290,100,0.249,0.173,0.293,0.422,0.319,0.314,0.242,127,510,82.3,19.1,2231,86.5,86.75,295,1115,1161,0.3,6.41,107,157,117,148,299,326,299
2280,663978,Chris Paddack,2280,100,0.204,0.176,0.239,0.38,0.271,0.275,0.217,107,524,82,17.8,2072,89.3,89.86,295,1188,1079,0.6,6.6,115,153,114,151,303,324,304
2278,501381,Michael Pineda,2278,100,0.253,0.177,0.294,0.43,0.305,0.312,0.258,141,558,83.6,19.1,1982,89.1,88.98,305,1183,1072,-0.1,6.2,108,153,113,147,297,325,292
2275,642098,Glenn Sparkman,2275,100,0.296,0.231,0.3,0.527,0.368,0.364,0.293,164,554,85.9,19.6,2275,88.9,89.32,185,1085,1179,0.4,6.37,112,149,117,143,301,326,303
2247,593334,Domingo German,2247,100,0.228,0.214,0.26,0.442,0.309,0.316,0.247,125,548,84.4,16.3,2489,88,87.27,314,1106,1130,-0.7,5.78,109,154,115,150,293,325,292
2237,622608,Antonio Senzatela,2237,100,0.313,0.193,0.336,0.506,0.377,0.356,0.296,161,514,86,8.9,2116,89.8,89.88,179,1002,1223,0.1,6.06,112,152,115,148,308,335,308
2211,641816,Tyler Mahle,2211,100,0.266,0.191,0.308,0.457,0.33,0.318,0.256,136,512,83.8,14.2,2214,89.3,89.47,237,1013,1183,0.2,6.34,115,156,117,147,294,317,291
2199,608379,Michael Wacha,2199,100,0.29,0.213,0.318,0.503,0.364,0.354,0.279,143,493,83.6,13.9,1944,88.9,89.58,222,1043,1143,0.7,6.56,110,151,111,149,297,321,296
2192,453562,Jake Arrieta,2192,100,0.283,0.165,0.32,0.448,0.342,0.334,0.266,149,527,84.9,10.5,2209,89.6,88.79,174,953,1220,-0.8,5.85,109,150,115,150,299,323,295
2161,518633,Danny Duffy,2161,100,0.251,0.187,0.285,0.438,0.326,0.342,0.266,125,498,84.1,19.4,2269,87.7,88.21,248,1025,1125,0.5,6.48,110,151,118,143,304,327,305
2130,592767,Drew Smyly,2130,100,0.278,0.28,0.31,0.558,0.384,0.36,0.264,126,453,83.2,20.1,1997,85.9,84.56,245,943,1181,-1.3,5.38,106,151,114,147,297,322,295
2120,592826,Vince Velasquez,2120,100,0.263,0.236,0.309,0.499,0.351,0.334,0.252,120,457,83.7,23.3,2400,91.2,91.38,270,1041,1061,0.2,6.34,111,151,118,150,300,325,296
2098,502042,Chris Archer,2098,100,0.249,0.212,0.304,0.461,0.338,0.347,0.265,114,458,83.6,18.5,2309,91.1,90.48,284,956,1130,-0.6,5.7,109,149,121,148,306,325,300
2090,605182,Mike Clevinger,2090,100,0.209,0.122,0.306,0.331,0.263,0.264,0.206,96,459,82.2,19,2291,88.6,89.08,337,954,1132,0.5,6.42,109,153,116,150,288,312,293
2060,605347,Jorge Lopez,2060,100,0.286,0.227,0.314,0.513,0.364,0.359,0.272,140,489,85.6,13.7,2080,89.3,89.1,197,917,1128,-0.2,6.07,111,151,121,139,301,327,302
2057,642232,Ryan Yarbrough,2057,100,0.228,0.155,0.264,0.383,0.276,0.293,0.258,121,530,79.8,17,2148,82.4,81.9,227,1014,1028,-0.5,6,107,153,114,146,292,322,293
2056,592716,Adrian Sampson,2056,100,0.302,0.266,0.327,0.568,0.387,0.373,0.3,156,516,85.7,19.1,2186,89,88.44,217,1011,1030,-0.6,5.99,107,153,112,148,294,322,302
2047,642558,Ariel Jurado,2047,100,0.304,0.222,0.322,0.526,0.366,0.365,0.298,148,487,85.4,11.9,1948,89.4,88.95,170,940,1098,-0.5,5.97,108,152,113,147,293,323,299
2028,595881,Tyler Beede,2028,100,0.271,0.19,0.313,0.462,0.342,0.343,0.266,127,468,86.3,14.8,2168,89.5,89.19,244,932,1087,-0.3,6.02,110,154,115,149,299,329,300
2001,643230,Steven Brault,2001,100,0.265,0.172,0.313,0.438,0.342,0.34,0.265,117,441,84.5,14.6,1992,88.7,89.94,211,904,1087,1.2,6.82,109,151,120,147,308,324,295
1985,630023,Yonny Chirinos,1985,100,0.225,0.189,0.246,0.414,0.29,0.321,0.26,112,498,83.2,13.6,2072,90.7,90.41,221,978,997,-0.3,6.12,108,160,117,148,292,325,298
1979,605540,Brandon Woodruff,1979,100,0.24,0.117,0.322,0.357,0.283,0.284,0.237,109,454,81.1,16.9,2181,93.1,93.15,258,1010,959,0,6.26,110,156,114,152,300,319,291
1956,519141,Drew Pomeranz,1956,100,0.261,0.206,0.34,0.467,0.344,0.315,0.234,105,403,82.4,20.7,2368,88.6,86.43,239,888,1057,-2.2,4.96,108,151,113,147,300,323,295
1955,453281,Wade LeBlanc,1955,100,0.291,0.243,0.309,0.534,0.364,0.344,0.282,145,498,84.2,17.3,1861,81.7,81.26,204,918,1033,-0.4,5.94,106,153,115,146,300,317,286
1945,468504,Jhoulys Chacin,1945,100,0.28,0.241,0.311,0.521,0.369,0.353,0.273,115,411,83.1,17.7,2165,84.4,83.2,171,824,1107,-1.2,5.42,111,157,116,152,298,319,295
1899,605156,Aaron Brooks,1899,100,0.271,0.222,0.29,0.493,0.352,0.345,0.27,118,436,85.1,14.1,2064,88.6,87.88,170,870,1015,-0.7,5.83,108,152,117,149,297,324,298
1892,668676,Zach Plesac,1892,100,0.237,0.2,0.257,0.437,0.318,0.347,0.279,102,430,84.2,18.3,1974,89.1,88.44,194,895,989,-0.7,5.8,110,152,115,150,290,313,291
1891,605483,Blake Snell,1891,100,0.241,0.15,0.343,0.391,0.304,0.264,0.205,96,399,83.5,20.3,2273,89.5,89.69,354,924,965,0.2,6.4,106,152,111,145,293,319,290
1888,592314,Mike Foltynewicz,1888,100,0.244,0.215,0.27,0.46,0.323,0.329,0.26,109,446,83.9,15.5,2259,89.9,89.66,216,918,964,-0.2,6.02,110,151,112,150,305,327,298
1866,519455,Jordan Zimmermann,1866,100,0.311,0.215,0.341,0.526,0.368,0.371,0.31,145,466,85.5,15.4,2278,86.9,86.62,177,869,986,-0.3,5.92,110,149,112,148,296,331,293
1864,572971,Dallas Keuchel,1864,100,0.265,0.161,0.303,0.426,0.331,0.332,0.268,115,434,84,3.7,1999,85.5,85.24,176,831,1003,-0.3,5.89,107,151,114,148,308,328,297
1862,456034,David Price,1862,100,0.258,0.182,0.336,0.441,0.323,0.308,0.245,109,422,82.4,16.9,2093,89,88.16,230,885,965,-0.8,5.84,107,149,115,149,288,323,287
1821,656222,Jalen Beeks,1821,100,0.281,0.154,0.329,0.435,0.34,0.34,0.274,115,409,83.2,14.3,2071,87,86.65,201,831,977,-0.3,6.1,106,155,112,146,291,322,296
1815,593679,Gabriel Ynoa,1815,100,0.28,0.256,0.273,0.536,0.359,0.358,0.286,126,450,86,14.4,2105,89.5,88.45,182,906,905,-1.1,5.58,108,153,116,148,300,326,299
1810,605288,Adrian Houser,1810,100,0.244,0.155,0.304,0.399,0.305,0.281,0.226,101,414,83.5,9,2108,91.1,91.57,194,799,996,0.5,6.39,109,157,114,150,302,320,296
1796,641154,Pablo Lopez,1796,100,0.261,0.174,0.303,0.435,0.322,0.321,0.26,111,425,82.9,11.2,2089,89.1,89.86,205,868,909,0.8,6.73,107,156,117,148,298,323,298
1794,592644,Adam Plutko,1794,100,0.267,0.221,0.28,0.488,0.337,0.326,0.27,115,430,83.1,25,2307,87.6,87.06,167,886,903,-0.5,5.83,111,152,117,150,291,315,289
1789,621381,Matt Strahm,1789,100,0.267,0.21,0.315,0.477,0.331,0.326,0.263,121,453,82.9,18,2356,86.8,85.91,210,903,874,-0.9,5.67,113,152,115,149,306,327,302
1788,502239,Trevor Cahill,1788,100,0.273,0.264,0.283,0.537,0.369,0.347,0.274,111,406,85.3,10.7,2212,86,85.59,191,805,973,-0.4,5.97,114,152,115,147,294,318,291
1781,615698,Cal Quantrill,1781,100,0.26,0.17,0.297,0.43,0.314,0.318,0.264,106,407,83,15.4,2035,90.4,90.3,193,864,909,-0.1,6.15,116,151,115,150,300,327,306
1780,607536,Kyle Freeland,1780,100,0.296,0.258,0.31,0.554,0.377,0.361,0.291,126,426,84.7,12.3,2173,89,89.65,182,853,916,0.7,6.41,108,153,115,144,309,330,305
1750,543548,Tommy Milone,1750,100,0.241,0.243,0.252,0.485,0.317,0.319,0.25,102,423,81.6,19.5,2056,82.4,81.71,187,818,924,-0.7,5.86,108,155,115,146,297,317,286
1729,282332,CC Sabathia,1729,100,0.265,0.246,0.294,0.512,0.356,0.311,0.242,112,422,82.4,16.4,2136,85,85.98,206,818,905,1,6.69,103,153,114,148,299,326,288
1689,571760,Andrew Heaney,1689,100,0.251,0.203,0.312,0.454,0.329,0.32,0.244,93,370,83.1,21.6,2448,87.8,86.81,256,818,861,-1,5.8,111,149,116,146,296,315,287
1671,592332,Kevin Gausman,1671,100,0.282,0.172,0.353,0.454,0.335,0.327,0.26,113,401,82.4,14.7,1981,89.4,89.18,266,880,779,-0.2,6.1,110,151,114,149,302,322,294
1668,605446,Dereck Rodriguez,1668,100,0.271,0.221,0.284,0.492,0.351,0.349,0.285,108,398,84.9,15.9,2134,86.2,86.77,158,751,903,0.6,6.47,110,151,114,147,296,325,294
1619,601713,Nick Pivetta,1619,100,0.278,0.238,0.313,0.516,0.363,0.349,0.271,103,370,83.6,15.1,2516,88.4,88.24,182,738,868,-0.2,6.26,111,150,116,150,298,324,294
1599,642547,Freddy Peralta,1599,100,0.257,0.201,0.343,0.457,0.337,0.309,0.232,87,339,83.3,21.7,2440,90.2,91.43,231,784,809,1.2,6.93,109,154,115,151,301,319,293
1587,641312,Shaun Anderson,1587,100,0.291,0.17,0.327,0.461,0.349,0.354,0.298,111,382,83.6,14.4,2424,89.7,89.6,159,766,813,-0.1,6.08,109,153,113,148,301,328,302
1582,663567,Peter Lambert,1582,100,0.321,0.251,0.338,0.571,0.4,0.359,0.299,119,371,85.1,10.4,2092,88.5,87.97,119,707,860,-0.5,5.63,113,151,114,148,310,333,307
1579,543557,Mike Montgomery,1579,100,0.315,0.22,0.348,0.535,0.387,0.384,0.316,113,359,85.2,8.8,1990,86.6,86.6,154,708,862,0,6.2,110,151,116,145,301,325,300
1570,570240,Felix Pena,1570,100,0.219,0.183,0.256,0.402,0.301,0.327,0.254,80,366,84.3,13.4,2206,87.1,86.4,208,704,857,-0.7,5.84,112,152,114,148,293,317,291
1552,656288,Griffin Canning,1552,100,0.235,0.196,0.281,0.431,0.316,0.299,0.221,80,341,83.3,19.3,2314,89.9,88.76,227,702,841,-1.1,5.56,114,150,113,149,294,316,291
1548,643327,Zack Godley,1548,100,0.271,0.198,0.301,0.469,0.351,0.358,0.278,96,354,85,11.7,2146,85.9,84.38,174,712,828,-1.5,5.32,112,154,117,151,301,326,301
1541,521655,Wilmer Font,1541,100,0.242,0.245,0.288,0.488,0.334,0.304,0.226,78,322,82.9,21.9,2283,88.6,89.11,207,749,788,0.5,6.58,112,154,113,148,303,322,298
1512,664199,Taylor Clarke,1512,100,0.263,0.287,0.261,0.55,0.366,0.354,0.264,86,327,83.9,18.9,2205,89.3,88.89,168,729,774,-0.4,5.96,113,156,119,152,300,328,301
1510,502748,Brad Peacock,1510,100,0.227,0.201,0.267,0.427,0.309,0.302,0.224,78,344,85.5,18.1,2374,87.6,86.55,141,650,855,-1,5.72,110,152,117,150,287,315,297
1501,461829,Gio Gonzalez,1501,100,0.234,0.163,0.282,0.397,0.307,0.324,0.254,76,325,82.3,12.2,2099,84.7,84.21,172,660,837,-0.5,5.92,108,154,111,149,304,319,294
1498,642545,Jaime Barria,1498,100,0.275,0.296,0.287,0.572,0.375,0.353,0.27,92,334,83.7,20.9,2117,86.6,85.96,147,662,831,-0.6,5.73,113,155,116,148,294,322,292
1487,502706,Derek Holland,1487,100,0.258,0.239,0.284,0.497,0.361,0.347,0.238,82,318,84.9,16.1,2310,88,87.25,182,675,806,-0.8,5.84,109,149,114,146,298,323,293
1486,660761,Jose Suarez,1486,100,0.304,0.261,0.326,0.565,0.398,0.356,0.274,100,329,83.8,16.7,2154,85.3,84.63,172,677,792,-0.7,5.74,111,149,114,147,296,316,287
1485,593423,Frankie Montas,1485,100,0.23,0.134,0.297,0.364,0.279,0.276,0.233,84,365,83.1,15.5,2273,92.7,91.29,189,729,750,-1.4,5.43,110,147,119,151,295,321,296
1467,592879,Asher Wojciechowski,1467,100,0.248,0.235,0.279,0.483,0.344,0.341,0.247,80,323,82.7,24.1,2296,87.6,88.13,186,713,743,0.5,6.52,106,153,116,147,297,327,299
1445,548389,Ross Stripling,1445,100,0.244,0.169,0.299,0.413,0.297,0.278,0.232,84,344,83.9,14.5,2293,85.6,84.91,162,661,780,-0.7,5.72,112,157,120,145,293,317,296
1442,622694,Elieser Hernandez,1442,100,0.242,0.261,0.267,0.503,0.345,0.29,0.209,76,314,80.8,25.4,2203,85.6,85.04,176,697,730,-0.6,5.91,109,156,117,149,304,325,296
1430,605276,David Hess,1430,100,0.287,0.321,0.282,0.609,0.396,0.397,0.304,94,327,85.6,22.3,2139,89,87.79,136,699,725,-1.2,5.54,107,152,116,147,304,329,299
1427,543208,Sam Gaviglio,1427,100,0.235,0.199,0.259,0.434,0.304,0.306,0.239,85,362,84.9,11.4,2031,86.1,86.12,179,639,778,0,6.34,110,154,121,149,306,327,300
1392,448855,Junior Guerra,1392,100,0.194,0.157,0.221,0.351,0.278,0.3,0.222,58,299,82,18,2207,90.5,90.43,170,648,737,-0.1,6.17,109,155,114,149,301,318,295
1387,668678,Zac Gallen,1387,100,0.212,0.143,0.284,0.355,0.29,0.293,0.215,62,293,82.4,16,2227,88.1,88.09,188,638,741,0,6.23,109,153,117,150,303,322,297
1386,572140,Tyler Skaggs,1386,100,0.242,0.139,0.295,0.381,0.3,0.326,0.267,73,302,82.5,17.2,2254,84.6,84.17,138,640,742,-0.4,6.08,110,150,114,147,297,317,289
1377,657141,Jordan Yamamoto,1377,100,0.191,0.163,0.225,0.355,0.284,0.309,0.23,54,282,83.5,19.8,2418,86,85.46,140,614,753,-0.5,5.91,109,155,116,149,303,326,293
1372,570632,Jose Urena,1372,100,0.293,0.18,0.325,0.473,0.346,0.339,0.283,99,338,86.5,10.6,2151,92.5,91.91,141,663,696,-0.6,5.95,106,154,118,147,299,326,301
1364,656302,Dylan Cease,1364,100,0.271,0.215,0.326,0.486,0.357,0.323,0.245,78,288,82.9,16.3,2441,89.7,88.91,158,605,756,-0.8,5.7,110,150,114,148,293,323,295
1363,608717,Chris Stratton,1363,100,0.3,0.206,0.349,0.506,0.37,0.333,0.273,93,310,84.2,16.9,2636,87.9,88.13,158,651,709,0.2,6.26,110,150,119,147,301,323,297
1354,521230,Liam Hendriks,1354,100,0.201,0.109,0.315,0.309,0.24,0.229,0.185,61,304,82.7,23.8,2309,93.8,94.09,250,694,655,0.3,6.42,111,148,120,150,300,325,301
1352,570666,Luis Cessa,1352,100,0.246,0.187,0.277,0.433,0.32,0.295,0.229,75,305,84.3,13.9,2343,89,87.67,186,634,711,-1.3,5.37,107,152,117,148,295,324,290
1344,628711,Julio Urias,1344,100,0.201,0.123,0.257,0.324,0.265,0.267,0.209,59,293,79.6,21.4,2425,90.1,89.04,205,686,649,-1.1,5.49,112,156,116,146,296,318,293
1335,547179,Michael Lorenzen,1335,100,0.221,0.134,0.274,0.355,0.28,0.277,0.225,68,307,81.6,12.7,2459,92.3,91.12,201,649,681,-1.2,5.55,115,154,117,147,294,315,289
1333,621097,Jacob Waguespack,1333,100,0.249,0.189,0.279,0.439,0.329,0.346,0.271,75,301,83.5,20,1987,88.2,88.47,142,651,676,0.3,6.34,111,155,118,151,308,331,300
1325,622065,Alex Young,1325,100,0.229,0.184,0.252,0.413,0.302,0.316,0.251,72,315,83.6,10.5,2193,85.7,84.65,172,628,687,-1,5.58,111,153,114,150,300,323,296
1323,598286,Nick Ramirez,1323,100,0.247,0.179,0.288,0.425,0.317,0.314,0.245,76,308,82.5,13.7,1908,84.7,83.51,175,620,700,-1.2,5.45,108,148,115,147,298,328,293
1320,643338,Chad Green,1320,100,0.247,0.18,0.346,0.427,0.316,0.313,0.24,66,267,84,25.2,2414,94.4,94.36,198,670,643,0,6.27,110,154,116,150,291,323,290
1315,429719,Edwin Jackson,1315,100,0.351,0.334,0.363,0.686,0.455,0.402,0.311,105,299,85.8,14.8,2277,90.1,89.98,144,604,705,-0.1,6.08,109,149,117,148,302,328,298
1310,598264,Matt Barnes,1310,100,0.21,0.136,0.341,0.346,0.294,0.276,0.197,51,243,84.2,15.4,2336,90.8,91.01,209,579,728,0.2,6.41,110,150,117,148,286,321,292
1307,445926,Jesse Chavez,1307,100,0.267,0.195,0.311,0.463,0.335,0.342,0.277,82,307,82.4,17.9,2220,89,88.27,103,561,739,-0.7,5.75,108,152,111,148,294,322,301
1301,641482,Nestor Cortes Jr.,1301,100,0.281,0.213,0.321,0.494,0.357,0.351,0.279,75,267,82.3,23.6,2139,85.7,84.6,149,591,708,-1.1,5.54,106,153,116,148,295,324,288
1300,605130,Scott Barlow,1300,100,0.24,0.157,0.341,0.397,0.317,0.302,0.228,64,267,82.1,16.2,2381,87.3,88.24,203,600,696,0.9,6.62,111,151,120,141,302,325,303
1300,592773,Ryne Stanek,1300,100,0.214,0.168,0.266,0.382,0.296,0.316,0.225,61,285,84.7,22.9,2092,93.7,92.79,216,622,675,-0.9,5.76,108,156,115,148,298,326,297
1294,543521,Collin McHugh,1294,100,0.221,0.211,0.265,0.432,0.312,0.307,0.234,62,280,82.3,18.9,2581,83.9,83.47,158,563,725,-0.4,6.05,111,152,117,150,287,316,295
1294,600917,Jose Leclerc,1294,100,0.209,0.165,0.313,0.373,0.308,0.267,0.175,52,249,80.7,23.2,2597,90.2,88.64,188,568,719,-1.6,5.33,109,153,114,148,293,323,300
1287,607200,Erick Fedde,1287,100,0.276,0.174,0.288,0.451,0.343,0.374,0.307,81,293,85.1,8.5,1950,88.3,88.66,93,554,728,0.4,6.33,113,150,113,148,299,315,297
1285,543022,Tyler Chatwood,1285,100,0.232,0.121,0.286,0.354,0.305,0.321,0.263,65,280,83.6,10.5,2540,93,92.6,137,543,731,-0.4,5.96,113,150,111,152,296,322,296
1284,605151,Archie Bradley,1284,100,0.246,0.125,0.341,0.371,0.313,0.318,0.246,67,272,83.2,15.5,2124,91.8,91.95,139,581,695,0.2,6.33,111,153,119,151,302,328,304
1275,607625,Seth Lugo,1275,100,0.192,0.124,0.267,0.316,0.24,0.234,0.183,56,291,82.6,18,2473,89.6,88.96,156,586,682,-0.6,5.94,114,152,113,146,299,316,296
1274,596071,Dillon Peters,1274,100,0.29,0.28,0.302,0.57,0.386,0.361,0.285,85,293,84.4,16.1,2277,85.7,84.8,122,598,671,-0.9,5.65,111,148,116,146,295,318,288
1274,471911,Carlos Carrasco,1274,100,0.288,0.254,0.357,0.542,0.361,0.33,0.264,92,319,86.2,15.3,2321,89.2,89.38,205,657,613,0.2,6.21,110,153,116,148,290,311,286
1268,519393,Marcus Walden,1268,100,0.213,0.129,0.266,0.341,0.283,0.302,0.242,61,287,84.6,10.9,2274,90.3,91.17,180,613,644,0.9,6.57,109,150,115,148,284,321,291
1264,543135,Nathan Eovaldi,1264,100,0.276,0.234,0.316,0.51,0.371,0.332,0.24,72,261,85,16.9,2138,91.9,91.49,146,555,705,-0.4,6,110,152,117,150,285,321,293
1256,656546,Jeff Hoffman,1256,100,0.283,0.305,0.303,0.588,0.396,0.379,0.281,77,272,83.9,19,2386,87.7,87.56,126,580,667,-0.1,6.04,115,151,114,148,308,337,310
1255,623381,Thomas Pannone,1255,100,0.255,0.199,0.291,0.455,0.338,0.348,0.255,73,286,82.9,23.3,2219,85.1,84.58,149,588,660,-0.5,6.04,108,152,118,148,306,326,296
1254,592426,Luke Jackson,1254,100,0.266,0.136,0.388,0.402,0.314,0.268,0.209,76,286,83.1,4.5,2477,90.5,90.76,225,612,639,0.3,6.3,108,149,112,149,304,326,297
1251,489334,Craig Stammen,1251,100,0.251,0.182,0.284,0.433,0.302,0.281,0.239,80,319,83.7,5.7,2219,90.5,90.91,123,567,681,0.4,6.46,115,152,115,149,304,328,306
1244,519443,Brandon Workman,1244,100,0.123,0.043,0.211,0.166,0.209,0.255,0.173,29,235,82.1,11.1,2367,86,87.04,169,485,757,1,6.89,111,150,117,148,286,322,292
1240,608032,Carlos Estevez,1240,100,0.25,0.2,0.305,0.45,0.319,0.303,0.24,70,280,84.6,21.9,2264,94.8,94.86,189,616,621,0.1,6.03,114,152,119,148,309,335,308
1233,659275,Dinelson Lamet,1233,100,0.226,0.182,0.314,0.409,0.312,0.296,0.217,62,274,82.9,18.9,2516,91.4,90.37,181,568,652,-1,5.66,116,151,114,150,302,326,304
1232,612434,Miguel Castro,1232,100,0.232,0.154,0.269,0.386,0.306,0.294,0.216,63,272,82.5,11,2480,92.5,92.15,151,544,687,-0.3,6.13,106,151,117,145,301,325,296
1225,621142,Ty Buttrey,1225,100,0.247,0.129,0.323,0.376,0.301,0.309,0.249,69,279,83.6,18.3,2072,91.9,90.82,154,568,649,-1.1,5.65,114,151,114,148,294,317,292
1217,605154,John Brebbia,1217,100,0.216,0.117,0.293,0.333,0.274,0.274,0.21,59,273,82.7,27.7,2479,89.2,89.81,178,616,596,0.6,6.48,111,150,112,148,299,321,298
1217,543339,Daniel Hudson,1217,100,0.21,0.154,0.249,0.363,0.28,0.307,0.227,56,267,83.3,21.8,2501,93.5,93.02,138,601,607,-0.5,6.06,111,151,117,149,304,324,299
1216,433587,Felix Hernandez,1216,100,0.291,0.26,0.311,0.551,0.382,0.372,0.289,85,292,87.1,11.4,2170,84.6,84.19,114,524,683,-0.4,5.95,109,155,113,147,297,321,295
1210,593833,Wander Suero,1210,100,0.242,0.11,0.326,0.352,0.289,0.316,0.261,64,264,83.5,14.8,2480,90.8,90.75,177,602,603,0,6.07,113,149,112,148,300,314,296
1204,542882,Matt Andriese,1204,100,0.262,0.164,0.335,0.425,0.321,0.293,0.229,72,275,83.1,11.8,2333,88.7,87.67,143,566,630,-1,5.57,112,152,118,150,303,327,302
1194,571882,Derek Law,1194,100,0.256,0.181,0.321,0.437,0.346,0.329,0.25,61,238,83.7,12,2129,86.7,86.87,150,500,688,0.2,6.29,109,152,119,149,306,329,301
1188,543766,Bryan Shaw,1188,100,0.251,0.215,0.277,0.465,0.34,0.334,0.261,69,275,85.6,10.9,2378,90.1,88.86,138,545,634,-1.2,5.23,114,151,116,147,307,333,307
1184,518617,Jake Diekman,1184,100,0.215,0.101,0.319,0.316,0.305,0.3,0.206,49,228,81.6,13.9,2451,90.8,90.51,188,530,639,-0.3,6.07,108,147,115,144,299,323,300
1181,623352,Josh Hader,1181,100,0.155,0.211,0.232,0.366,0.25,0.232,0.155,41,265,82.6,32.2,2190,93.4,94.07,291,693,480,0.7,6.64,112,154,113,150,304,318,293
1181,656794,Sean Newcomb,1181,100,0.236,0.139,0.282,0.375,0.302,0.302,0.237,61,259,82.3,16.6,2371,89.7,88.32,123,537,636,-1.4,5.48,109,151,112,149,306,324,294
1175,664285,Framber Valdez,1175,100,0.267,0.152,0.319,0.419,0.345,0.323,0.253,74,277,85.7,-0.9,2429,88.1,87.15,133,510,659,-1,5.76,107,151,115,147,288,314,296
1166,543507,Trevor May,1166,100,0.184,0.132,0.233,0.316,0.258,0.284,0.202,43,234,83.2,23.4,2363,91,92,162,539,622,1,6.73,108,154,115,147,297,326,295
1162,593144,Richard Rodriguez,1162,100,0.252,0.182,0.28,0.434,0.318,0.301,0.237,65,258,84.3,25.1,2488,91.5,91.57,134,564,592,0.1,6.4,108,148,120,147,308,325,301
1159,570663,Hansel Robles,1159,100,0.221,0.111,0.283,0.332,0.256,0.269,0.225,58,262,83.8,19.9,2237,93.7,93.12,154,583,574,-0.6,5.88,112,150,114,148,292,317,292
1158,493603,Adam Ottavino,1158,100,0.198,0.11,0.286,0.308,0.278,0.271,0.184,47,237,79.1,17.1,2645,87.7,88.09,137,448,707,0.4,6.57,107,152,113,148,295,324,288
1157,446321,Ross Detwiler,1157,100,0.305,0.266,0.304,0.571,0.393,0.385,0.303,86,282,84.7,12.9,2094,87.8,86.32,88,542,612,-1.5,5.25,108,150,114,146,295,319,293
1157,571656,Buck Farmer,1157,100,0.247,0.175,0.31,0.422,0.316,0.314,0.245,62,251,83.7,16.2,2283,90,89.35,159,533,618,-0.7,5.83,109,148,114,148,297,330,290
1154,433589,Yusmeiro Petit,1154,100,0.194,0.167,0.214,0.361,0.243,0.271,0.216,57,294,82,24.6,2149,85.1,86.29,143,567,582,1.2,6.9,111,148,120,150,299,324,299
1151,612672,Wei-Yin Chen,1151,100,0.311,0.246,0.353,0.557,0.383,0.347,0.282,87,280,83.8,18.7,2177,85.9,85.72,117,580,560,-0.2,6.05,108,151,118,147,300,324,296
1149,642607,Dario Agrazal,1149,100,0.283,0.214,0.285,0.497,0.358,0.348,0.28,82,290,82.7,16.8,2180,88.8,88.05,84,523,612,-0.7,5.72,110,148,120,148,306,326,299
1145,592346,Chi Chi Gonzalez,1145,100,0.246,0.2,0.261,0.446,0.337,0.349,0.269,59,240,83.3,13.6,2371,89.4,88.51,102,497,644,-0.9,5.45,114,152,118,147,307,334,307
1144,606965,Chris Devenski,1144,100,0.256,0.215,0.298,0.47,0.331,0.306,0.239,69,270,83.5,20.1,2093,88.2,87.05,157,557,584,-1.1,5.55,111,153,120,150,289,316,297
1143,453172,Jared Hughes,1143,100,0.224,0.2,0.233,0.424,0.31,0.314,0.248,57,255,84.8,-0.7,1881,89.7,89.58,122,540,598,-0.1,6.18,112,152,118,146,297,317,289
1142,607352,Joe Biagini,1142,100,0.281,0.233,0.318,0.514,0.363,0.358,0.285,71,253,83.5,12.4,2155,89.9,89.22,149,526,613,-0.7,5.85,111,153,119,149,301,323,297
1142,657624,Josh James,1142,100,0.203,0.172,0.308,0.374,0.307,0.263,0.171,46,227,83.9,22.6,2362,93.1,92.62,189,516,619,-0.5,6.01,111,152,117,150,288,315,297
1141,606149,Giovanny Gallegos,1141,100,0.17,0.151,0.222,0.32,0.233,0.253,0.188,44,259,83.1,23.5,2343,90,88.22,198,572,565,-1.8,5.3,113,151,111,149,297,322,298
1138,605452,Joe Ross,1138,100,0.291,0.157,0.351,0.449,0.359,0.354,0.269,74,254,82.7,15.4,2045,91.2,91.49,126,535,597,0.3,6.36,113,149,113,148,298,315,297
1136,458708,Josh Tomlin,1136,100,0.267,0.195,0.279,0.463,0.312,0.312,0.271,82,307,83.8,18.5,2435,85.6,84.34,115,579,554,-1.3,5.29,110,150,114,150,306,325,297
1133,434538,Francisco Liriano,1133,100,0.232,0.151,0.274,0.382,0.312,0.308,0.23,60,259,81.9,12.2,2027,89.6,89.58,163,535,588,0,6.15,109,149,117,146,308,324,296
1133,628452,Raisel Iglesias,1133,100,0.24,0.201,0.318,0.441,0.311,0.281,0.221,61,254,82.3,22.1,2292,90.5,89.69,188,553,574,-0.8,5.72,117,154,116,145,293,315,290
1132,542888,Shawn Armstrong,1132,100,0.282,0.167,0.349,0.449,0.35,0.343,0.259,66,234,81.4,24.9,2584,91.1,91.33,148,553,573,0.2,6.34,103,151,115,145,302,325,298
1126,593576,Hector Neris,1126,100,0.186,0.153,0.241,0.339,0.268,0.275,0.199,45,242,83,13.4,1843,89.6,89.02,210,545,572,-0.6,5.91,111,151,116,150,300,324,295
1124,598287,Noe Ramirez,1124,100,0.232,0.165,0.299,0.398,0.3,0.285,0.218,59,254,82.5,15.8,2346,83.2,81.94,158,509,609,-1.3,5.52,111,151,115,146,295,318,290
1119,650895,Diego Castillo,1119,100,0.23,0.144,0.302,0.374,0.294,0.262,0.196,59,257,82.5,11.2,2232,93.3,91.41,165,507,604,-1.9,5.18,109,154,114,147,292,324,297
1116,465657,Joakim Soria,1116,100,0.202,0.139,0.253,0.341,0.264,0.288,0.219,51,252,81.6,22.1,2347,88.4,88.39,155,538,575,0,6.25,112,150,122,151,303,326,300
1112,520980,Pedro Baez,1112,100,0.174,0.113,0.215,0.287,0.242,0.252,0.188,43,247,81.8,23.7,2122,91.1,91.01,182,569,532,-0.1,6.11,110,158,118,144,297,319,296
1110,642397,Gregory Soto,1110,100,0.308,0.188,0.344,0.496,0.376,0.375,0.298,74,240,85,16.1,2321,92.5,93.25,101,508,598,0.8,6.65,106,147,115,146,298,330,291
1109,518553,Steve Cishek,1109,100,0.21,0.118,0.246,0.328,0.287,0.313,0.228,48,229,80,14,2339,85.8,87.6,109,482,618,1.8,7.28,111,151,111,152,295,320,295
1107,607231,John Gant,1107,100,0.217,0.106,0.275,0.323,0.285,0.292,0.233,51,235,82.8,14,2302,90.4,90.29,143,521,585,-0.1,6.23,110,148,110,147,299,322,298
1101,623433,Nick Anderson,1101,100,0.214,0.16,0.349,0.374,0.273,0.259,0.197,52,243,82.6,24.8,2239,90.8,89.92,225,593,504,-0.9,5.79,110,156,119,148,301,326,301
1096,453178,Ian Kennedy,1096,100,0.261,0.102,0.349,0.363,0.294,0.277,0.225,64,245,82.9,21.1,2433,91.7,91.77,128,527,566,0.1,6.25,113,150,116,143,301,326,307
1092,571710,Mychal Givens,1092,100,0.213,0.213,0.271,0.426,0.307,0.303,0.22,49,230,83.3,21.3,2356,92.5,92.38,187,546,542,-0.1,6.17,107,153,116,146,299,324,296
1076,457915,Javy Guerra,1076,100,0.251,0.176,0.284,0.427,0.305,0.312,0.255,67,267,82.3,20.7,2061,89.1,88.06,107,571,501,-1,5.61,114,151,118,148,303,315,296
1076,643316,Paul Fry,1076,100,0.247,0.155,0.299,0.402,0.329,0.314,0.241,54,219,81.4,6.4,2550,87.5,87.12,117,452,615,-0.4,5.95,106,153,114,147,298,325,299
1075,641941,Emilio Pagan,1075,100,0.179,0.19,0.228,0.369,0.248,0.221,0.174,45,252,83.4,26,2436,92.3,92.65,207,589,483,0.4,6.53,110,166,120,148,295,325,301
1075,448281,Sean Doolittle,1075,100,0.26,0.202,0.315,0.463,0.325,0.305,0.236,63,242,82.4,29.2,2219,92.1,91.84,149,634,437,-0.3,6.03,112,151,113,148,306,320,297
1073,621242,Edwin Diaz,1073,100,0.258,0.244,0.381,0.502,0.348,0.277,0.207,58,225,83.4,19.7,2370,94.7,95.47,209,552,514,0.8,6.67,115,149,112,145,298,319,298
1072,607229,Robert Gsellman,1072,100,0.261,0.167,0.317,0.429,0.329,0.294,0.239,64,245,81.8,13.7,2284,91.6,90.73,133,504,557,-0.9,5.76,114,151,111,147,299,319,296
1068,453343,Mark Melancon,1068,100,0.27,0.087,0.349,0.357,0.294,0.286,0.257,71,263,84.6,7.4,2444,88.6,88.23,124,481,584,-0.4,6.03,108,149,113,147,302,326,296
1068,445276,Kenley Jansen,1068,100,0.213,0.171,0.273,0.383,0.28,0.266,0.211,51,240,79.2,24.1,2506,90.7,92.39,184,568,492,1.7,7.04,114,158,115,146,294,318,296
1065,573124,Taylor Rogers,1065,100,0.225,0.128,0.313,0.353,0.269,0.258,0.207,58,258,81.3,11.3,2304,88.3,87.32,125,482,577,-1,5.62,107,153,114,145,298,326,293
1061,543045,Adam Conley,1061,100,0.308,0.215,0.357,0.522,0.379,0.337,0.27,76,247,82.3,18.3,2242,91.6,91.16,125,538,515,-0.4,6.13,106,153,118,146,300,322,297
1056,641729,Joe Jimenez,1056,100,0.243,0.23,0.319,0.474,0.338,0.303,0.215,56,230,82.9,28,2452,92.4,92.44,166,526,522,0,6.34,111,150,115,149,301,333,296
1054,605240,Jace Fry,1054,100,0.218,0.153,0.289,0.371,0.324,0.33,0.234,44,202,84.2,8.2,2444,87.3,85.58,155,424,625,-1.7,5.13,109,149,112,147,290,318,296
1053,592612,Josh Osich,1053,100,0.242,0.227,0.26,0.469,0.315,0.311,0.253,62,256,83.8,12.4,2260,88.6,87.74,141,510,541,-0.9,5.58,112,151,116,148,291,320,296
1053,472610,Luis Garcia,1053,100,0.257,0.186,0.284,0.443,0.346,0.349,0.269,61,237,84.1,12.1,1955,91,91.07,140,471,571,0.1,6.19,111,148,114,147,294,317,291
1053,596133,Luke Weaver,1053,100,0.227,0.14,0.292,0.368,0.277,0.306,0.253,55,242,84.5,17.8,2105,89.5,88.85,127,489,554,-0.7,5.78,112,153,116,152,299,330,304
1052,594986,Kyle Ryan,1052,100,0.243,0.097,0.301,0.341,0.294,0.297,0.241,55,226,83.4,10.9,2130,87.4,87.27,107,453,594,-0.1,6.07,110,150,110,150,295,321,296
1048,596043,Daniel Mengden,1048,100,0.254,0.168,0.283,0.422,0.325,0.331,0.263,59,232,83.7,21.6,2195,86.7,86.81,68,449,597,0.1,6.27,111,149,118,151,298,323,299
1044,606131,Luis Perdomo,1044,100,0.252,0.12,0.296,0.372,0.292,0.308,0.264,69,274,84.3,5.5,1994,90.9,90.08,100,504,533,-0.8,5.66,114,151,115,148,305,328,306
1043,519293,Will Smith,1043,100,0.196,0.162,0.277,0.357,0.264,0.265,0.207,46,235,82.8,18.7,2242,86.4,85.92,170,495,544,-0.5,5.86,109,150,114,146,305,332,302
1041,544727,Jeurys Familia,1041,100,0.274,0.164,0.35,0.438,0.359,0.33,0.247,62,226,83.7,9.3,2171,93.6,92.44,124,433,599,-1.2,5.57,111,149,111,145,295,314,293
1039,607481,Aaron Bummer,1039,100,0.184,0.068,0.229,0.252,0.237,0.256,0.206,43,234,84.4,1.2,2075,93.6,93.32,119,489,545,-0.3,5.94,109,148,111,146,292,319,297
1038,606625,Reyes Moronta,1038,100,0.197,0.101,0.274,0.298,0.276,0.296,0.197,41,208,82.5,23.4,2425,91.9,91.64,130,438,586,-0.3,5.96,108,148,113,147,301,327,295
1030,518452,Chad Bettis,1030,100,0.301,0.197,0.329,0.498,0.365,0.322,0.271,78,259,84.9,5.1,1927,88.5,88.45,100,478,543,-0.1,5.92,111,152,114,147,307,333,306
1028,596112,Robert Stephenson,1028,100,0.182,0.195,0.231,0.377,0.265,0.25,0.194,43,236,83.2,21.4,2584,88.4,87.92,201,512,513,-0.5,5.71,116,153,118,145,293,313,289
1027,592468,Nick Kingham,1027,100,0.341,0.258,0.39,0.598,0.42,0.357,0.285,78,229,82.8,15.2,2260,88,87.22,97,484,536,-0.8,5.69,110,150,120,148,304,324,301
1026,592454,Tommy Kahnle,1026,100,0.2,0.164,0.279,0.364,0.275,0.262,0.201,45,225,82.8,9.1,1871,92.6,93.13,191,526,496,0.5,6.55,109,152,115,149,294,323,289
1023,595014,Blake Treinen,1023,100,0.257,0.159,0.308,0.416,0.339,0.334,0.252,58,226,83.4,12.5,2380,94.9,93.19,135,506,515,-1.7,5.28,109,147,117,148,300,324,299
1022,656685,Brett Martin,1022,100,0.28,0.136,0.34,0.416,0.318,0.32,0.269,72,257,85.2,11.3,2295,89.1,89.06,145,522,491,0,6.18,108,152,114,147,293,321,299
1021,489446,Kirby Yates,1021,100,0.186,0.077,0.328,0.262,0.23,0.224,0.171,41,221,79.1,17.8,1925,90.4,89.17,174,503,507,-1.2,5.58,117,152,115,151,302,326,306
1021,592135,Cam Bedrosian,1021,100,0.207,0.129,0.253,0.336,0.273,0.301,0.229,48,232,84.8,14.1,2497,87.9,87.22,135,448,565,-0.7,5.8,112,150,114,148,293,318,293
1020,453284,Blake Parker,1020,100,0.235,0.204,0.267,0.438,0.319,0.349,0.271,53,226,83.6,19.1,1819,85.1,85.71,122,446,569,0.6,6.6,109,152,116,148,298,324,294
1019,592229,Dylan Covey,1019,100,0.306,0.2,0.326,0.506,0.376,0.401,0.331,75,245,85.3,14,1993,90.8,90.18,83,462,553,-0.6,5.7,108,150,113,148,295,322,297
1016,605155,Colten Brewer,1016,100,0.277,0.15,0.335,0.427,0.347,0.327,0.257,59,213,84.3,6.5,2595,87.7,86.5,120,432,580,-1.2,5.6,108,148,116,147,284,321,291
1016,593140,Michael Feliz,1016,100,0.212,0.202,0.264,0.413,0.309,0.295,0.205,44,208,80.8,23.4,2296,91.8,92.05,138,476,535,0.3,6.35,110,148,121,148,306,325,300
1005,458006,Matt Albers,1005,100,0.239,0.158,0.283,0.396,0.314,0.309,0.237,53,222,83.2,7.8,2095,88.7,88.94,100,415,581,0.2,6.27,109,154,113,149,302,319,294
