112526,Bartolo Colon,9984,0.05699,0.08862,-0.030977961,3298,0.35324,0.30049,0.05471998,5186,0.62688,0.66021,-0.038155719,0.061897738
150359,A.J. Burnett,2547,0.08755,0.10883,-0.020437668,537,0.21974,0.29603,-0.055377748,1229,0.62815,0.64693,-0.027822528,-0.047992887
218596,Tim Hudson,2003,0.08138,0.08295,-0.00196765,525,0.23238,0.27303,-0.036466451,981,0.66259,0.64437,0.006729102,-0.045163203
276351,Jason Grilli,2543,0.13134,0.11702,0.013912081,844,0.30095,0.27306,0.023472055,1243,0.67337,0.67933,-0.017467678,0.054851814
276520,Bronson Arroyo,1147,0.07672,0.09153,-0.020439791,360,0.27778,0.2612,0.013437612,581,0.70052,0.61187,0.055187574,-0.062189753
276542,Joaquin Benoit,2796,0.1495,0.11993,0.029095459,1128,0.37323,0.30941,0.058506783,1204,0.73505,0.68792,0.027904761,0.059697481
279571,Matt Belisle,2851,0.10137,0.11163,-0.010512382,799,0.31289,0.31722,-0.00409354,1403,0.6928,0.64545,0.027309933,-0.041915855
279824,Mark Buehrle,2878,0.05212,0.09647,-0.041393683,1087,0.27599,0.27834,-0.007864434,1410,0.66738,0.6454,0.00797533,-0.057233448
282332,CC Sabathia,12190,0.09959,0.10701,-0.005637589,4681,0.29331,0.28638,0.003948736,5783,0.64119,0.64409,-0.013204026,0.011515172
285064,Ryan Vogelsong,3669,0.06541,0.10023,-0.038119773,1252,0.29872,0.29039,0.005687798,1630,0.62761,0.63601,-0.021371883,-0.011060092
285079,R.A. Dickey,8766,0.09468,0.1072,-0.008451597,2534,0.28335,0.21716,0.065483241,4652,0.66574,0.57664,0.078979904,-0.02194826
346798,Kyle Lohse,2760,0.08768,0.10848,-0.016982434,859,0.27823,0.29073,-0.002136041,1235,0.64615,0.6308,0.003571694,-0.022690169
407793,John Lackey,8613,0.10391,0.08507,0.017076711,2219,0.28211,0.29645,-0.008884428,4397,0.6675,0.63938,0.016720481,-0.008528198
407822,Jorge De La Rosa,6715,0.11556,0.10643,0.007787845,2861,0.28521,0.25147,0.026859534,3074,0.6799,0.66844,0.000989458,0.033657921
407845,Fernando Rodney,5511,0.11541,0.09991,0.017252546,2013,0.34476,0.29389,0.052409758,2548,0.60597,0.68207,-0.0810521,0.150714404
407890,Colby Lewis,4911,0.08226,0.10686,-0.018512046,1380,0.24783,0.26609,-0.004111815,2429,0.64471,0.63756,-0.001434087,-0.021189774
408061,Francisco Rodriguez,2292,0.12304,0.11814,0.006144789,558,0.38889,0.34481,0.041851954,1109,0.63481,0.66743,-0.038981895,0.086978638
408241,Jake Peavy,3845,0.09441,0.09412,-0.000545839,1140,0.26404,0.28698,-0.01960992,1917,0.68232,0.66529,0.009854547,-0.030010307
421685,Aaron Harang,2903,0.07303,0.1026,-0.026477137,863,0.31054,0.29466,0.017461199,1430,0.67832,0.64967,0.02309608,-0.032112018
424144,Oliver Perez,3289,0.11766,0.09777,0.020266078,1358,0.29308,0.26846,0.033482208,1726,0.60892,0.66844,-0.06240925,0.116157536
425386,Jeremy Guthrie,2611,0.06166,0.1058,-0.034823496,789,0.32066,0.31222,0.014797456,1335,0.65393,0.65509,-0.005556109,-0.014469931
425492,Ryan Madson,3724,0.12836,0.10195,0.027484048,1257,0.38504,0.32534,0.056020021,1886,0.66967,0.66164,-0.005573052,0.089077121
425532,Jerome Williams,2280,0.0886,0.08973,-0.001146354,748,0.34759,0.31245,0.030031868,1026,0.68129,0.63526,0.032696389,-0.003810875
425626,Chris Capuano,1212,0.11386,0.1155,-0.002193439,533,0.26454,0.28464,-0.019270396,556,0.63129,0.63916,-0.014779787,-0.006684047
425794,Adam Wainwright,9073,0.07958,0.09895,-0.021441521,2627,0.21317,0.29167,-0.063610076,4345,0.61611,0.64136,-0.035296021,-0.049755576
425840,Neal Cotts,1129,0.09743,0.097,0.003727501,525,0.2781,0.24476,0.024184936,556,0.67806,0.60732,0.041527201,-0.013614765
425844,Zack Greinke,15307,0.11276,0.12456,-0.012847218,4911,0.30808,0.32763,-0.009947723,6805,0.64394,0.64174,-0.006957321,-0.01583762
429717,Dan Haren,2935,0.06167,0.08512,-0.022230769,731,0.26813,0.28619,-0.013304981,1413,0.62703,0.62742,-0.011944907,-0.023590843
429719,Edwin Jackson,6497,0.09758,0.10361,-0.006235877,2119,0.23549,0.27044,-0.025400117,3063,0.68821,0.64,0.034577292,-0.066213287
429722,Ervin Santana,8387,0.09562,0.11732,-0.01914082,2322,0.2851,0.29519,-0.012890229,3883,0.67654,0.63479,0.025928617,-0.057959666
430580,Alfredo Simon,4171,0.07816,0.09372,-0.011703874,1212,0.32426,0.26614,0.061219301,2018,0.65758,0.65144,-0.001993868,0.051509295
430589,Chad Qualls,1559,0.10904,0.10818,0.00099518,331,0.34743,0.27616,0.056566022,774,0.66667,0.63649,0.01749296,0.040068242
430599,Joe Blanton,3285,0.13364,0.12668,0.007842605,865,0.2948,0.28715,0.011842809,1534,0.67275,0.64741,0.009289027,0.010396387
430641,Blaine Boyer,3215,0.07527,0.09869,-0.019942802,926,0.3013,0.27602,0.022174113,1688,0.6955,0.63262,0.044270701,-0.04203939
430661,Dustin McGowan,2761,0.12495,0.10627,0.01665582,885,0.32994,0.26633,0.055613457,1200,0.6925,0.63437,0.040404164,0.031865112
430912,Matt Cain,4597,0.07092,0.10891,-0.03849768,1489,0.26595,0.2822,-0.013072367,2249,0.63984,0.64762,-0.014030057,-0.03753999
430935,Cole Hamels,14270,0.12018,0.10419,0.01614313,5412,0.27125,0.27345,-0.004477336,6760,0.67737,0.65949,0.003547566,0.008118228
431148,Scott Kazmir,5350,0.09981,0.09115,0.00955215,2052,0.2729,0.25711,0.011375627,2586,0.65391,0.65405,-0.006848757,0.027776535
432934,Chris Young,4286,0.10499,0.11636,-0.005228487,1460,0.21849,0.24952,-0.022113395,1980,0.65808,0.63408,0.014810524,-0.042152406
433579,John Danks,3464,0.08891,0.1073,-0.01248585,1190,0.23866,0.27637,-0.038263394,1738,0.66571,0.65262,0.002091299,-0.052840543
433584,Roberto Hernandez,1468,0.0654,0.10746,-0.035371225,472,0.37288,0.30831,0.057907498,646,0.63003,0.64488,-0.017206358,0.039742631
433586,Santiago Casilla,3504,0.10902,0.0951,0.013280698,1124,0.3105,0.24491,0.058282447,1559,0.63823,0.62879,-0.006122173,0.077685318
433587,Felix Hernandez,10625,0.09506,0.11247,-0.013195327,3315,0.32066,0.3058,0.020681116,4876,0.63659,0.63522,-0.006128926,0.013614715
433589,Yusmeiro Petit,6046,0.09957,0.1014,-0.000580984,1759,0.30017,0.32836,-0.020305261,2950,0.69424,0.64473,0.036799984,-0.05768623
434378,Justin Verlander,15830,0.12849,0.1179,0.012386166,4603,0.32696,0.31337,0.02333598,8120,0.6782,0.66921,-6.04E-05,0.035782534
434442,J.P. Howell,1869,0.0947,0.09987,-0.004943518,780,0.24872,0.25519,-0.003189739,814,0.59337,0.6134,-0.0231207,0.014987443
434538,Francisco Liriano,10959,0.11899,0.10898,0.009157876,4512,0.25089,0.26553,-0.019225402,4709,0.62667,0.6281,-0.013070839,0.003003313
434622,Ubaldo Jimenez,8070,0.08141,0.10115,-0.01429866,2503,0.31442,0.29007,0.028569532,3878,0.60031,0.63946,-0.042879589,0.057150461
434628,Jason Hammel,10471,0.10028,0.10993,-0.008645163,2908,0.29402,0.26837,0.034160799,5226,0.65232,0.62798,0.014125663,0.011389973
434643,Wandy Rodriguez,1607,0.05725,0.10118,-0.034619897,660,0.23485,0.26897,-0.021806944,768,0.59375,0.63698,-0.038596895,-0.017829946
434671,Anibal Sanchez,11966,0.09744,0.10735,-0.009256242,3994,0.29419,0.31302,-0.015886436,5810,0.64991,0.64506,-0.006167424,-0.018975255
434672,Chris Smith,1365,0.10256,0.11781,-0.013732032,504,0.24405,0.3027,-0.041973393,542,0.65498,0.66434,-0.019090775,-0.03661465
434718,Huston Street,1596,0.11842,0.11272,0.00689394,550,0.33455,0.28261,0.053345661,633,0.67299,0.65963,0.008186683,0.052052918
435043,Zach Duke,3758,0.10511,0.10683,0.001565999,1268,0.29732,0.2825,0.015469818,1687,0.62122,0.62905,-0.012595987,0.029631805
435221,Brandon McCarthy,3673,0.08358,0.09386,-0.013985161,1116,0.28047,0.29425,-0.010884381,1921,0.64446,0.64451,-0.008884755,-0.015984787
435400,Jason Motte,1985,0.07355,0.08176,-0.006538411,659,0.29742,0.28398,0.01106157,972,0.72119,0.67471,0.025004684,-0.020481525
444468,Hector Rondon,5051,0.11681,0.10666,0.008754696,1321,0.25587,0.30382,-0.033094866,2514,0.68258,0.65154,0.015947958,-0.040288128
444520,Craig Breslow,1915,0.0846,0.09699,-0.007726995,666,0.24925,0.27049,-0.018072671,918,0.69172,0.63802,0.039531884,-0.06533155
444857,Scott Feldman,4856,0.07681,0.10095,-0.021130098,1420,0.27817,0.2987,-0.016304731,2337,0.63629,0.66036,-0.029274199,-0.00816063
445060,Ricky Nolasco,6715,0.10052,0.11336,-0.008889293,1758,0.25825,0.27733,-0.012310678,3103,0.67483,0.64826,0.012901645,-0.034101616
445197,Mike Dunn,3298,0.11067,0.10572,0.006864031,1361,0.26745,0.27655,0.002431587,1640,0.66707,0.64739,0.003829653,0.005465965
445213,Brandon Kintzler,4135,0.06989,0.08897,-0.017860143,1457,0.37062,0.30928,0.056229857,1977,0.61153,0.65296,-0.050991867,0.08936158
445276,Kenley Jansen,5184,0.1603,0.10152,0.055825034,1842,0.33876,0.31166,0.031945904,2852,0.71248,0.68619,0.007288165,0.080482773
445926,Jesse Chavez,9001,0.08566,0.09657,-0.008480974,2484,0.29509,0.32925,-0.024529464,4210,0.6734,0.65626,0.006469343,-0.039479782
446099,John Axford,3779,0.095,0.09693,-0.002124295,1087,0.27783,0.26827,0.005218358,1815,0.64683,0.6585,-0.024025432,0.027119496
446321,Ross Detwiler,3252,0.06919,0.09266,-0.021569212,1224,0.22222,0.25426,-0.026670463,1616,0.67327,0.66342,0.002206459,-0.050446135
446372,Corey Kluber,13207,0.13281,0.10903,0.024977157,3576,0.2679,0.3018,-0.030801907,6503,0.64893,0.65422,-0.017444143,0.011619392
446399,Brett Cecil,2999,0.12904,0.11191,0.01598992,1328,0.31325,0.28313,0.03344642,1472,0.66372,0.64573,0.0041377,0.04529864
446899,Brad Ziegler,3880,0.09742,0.09017,0.005418735,1387,0.33093,0.24632,0.080646246,1649,0.69193,0.59001,0.072613289,0.013451692
447714,Eric O'Flaherty,1393,0.10553,0.09212,0.013083064,488,0.23566,0.2568,-0.006874032,667,0.65067,0.61566,0.021134065,-0.014925033
448178,Kevin Jepsen,2472,0.089,0.10906,-0.015340619,797,0.27854,0.2863,-0.002427547,1145,0.66638,0.65603,-0.000104587,-0.017663579
448179,Rich Hill,7555,0.10933,0.0932,0.012670191,2974,0.25925,0.26449,-0.010033598,4202,0.60923,0.65656,-0.057069297,0.05970589
448281,Sean Doolittle,3541,0.14572,0.10729,0.035279705,1518,0.38933,0.33463,0.043684011,1860,0.76237,0.6996,0.038386903,0.040576813
448306,James Shields,11666,0.10638,0.10281,0.005935877,3926,0.28579,0.29867,-0.002260941,5103,0.66412,0.64626,0.009628057,-0.005953121
448609,Tony Sipp,3397,0.13365,0.11107,0.024709787,1333,0.27082,0.27246,0.004847088,1545,0.69903,0.65411,0.033994357,-0.004437481
448614,Carlos Torres,3796,0.10327,0.0881,0.01399449,943,0.25133,0.27359,-0.009910676,1906,0.71773,0.65488,0.04284092,-0.038757106
448802,Jaime Garcia,8051,0.0975,0.09871,-0.002299265,3138,0.23231,0.24582,-0.022865707,3999,0.64316,0.64195,-0.008311369,-0.016853602
448855,Junior Guerra,6733,0.10827,0.10019,0.007778975,2241,0.27979,0.28594,-0.000480514,3133,0.68848,0.64781,0.030565859,-0.023267398
449097,Jonathan Papelbon,1519,0.11587,0.10267,0.014082181,579,0.35751,0.27699,0.071660215,756,0.70899,0.67918,0.013001307,0.07274109
450172,Edinson Volquez,8226,0.08947,0.10701,-0.01418871,2573,0.30665,0.30272,0.010996085,4028,0.61792,0.65405,-0.040937559,0.037744934
450203,Charlie Morton,10653,0.11302,0.1027,0.012007279,2810,0.29181,0.29917,-0.000702957,5311,0.62982,0.65437,-0.032788823,0.044093145
450212,Pat Neshek,3357,0.1123,0.09367,0.023273272,1000,0.332,0.28471,0.045944358,1820,0.67253,0.65733,0.011159347,0.058058284
450275,Mark Lowe,1733,0.12175,0.10408,0.017665411,488,0.27049,0.28028,0.000697762,893,0.65733,0.64878,0.000280112,0.018083062
450282,Glen Perkins,1066,0.10694,0.10717,0.002801352,452,0.35177,0.30017,0.035372132,591,0.69036,0.66606,0.009298148,0.028875336
450306,Jason Vargas,7738,0.0986,0.11715,-0.017695402,2533,0.21358,0.3074,-0.089197428,3586,0.61238,0.64073,-0.035821685,-0.071071145
450308,Jered Weaver,5925,0.08219,0.11033,-0.025191892,1858,0.29225,0.26556,0.029920922,3031,0.62257,0.63938,-0.026196391,0.03092542
450351,C.J. Wilson,2117,0.08597,0.10533,-0.017942337,899,0.2525,0.26098,-0.010000128,1004,0.61853,0.64929,-0.034118804,0.006176339
450665,Kris Medlen,1603,0.08983,0.10543,-0.009556324,559,0.31664,0.29848,0.019816433,739,0.59675,0.64535,-0.048546322,0.058806432
450729,Doug Fister,7270,0.05983,0.09056,-0.026459713,2527,0.33953,0.29434,0.046635794,3402,0.57025,0.64938,-0.083140995,0.103317076
451085,Brian Matusz,1089,0.11754,0.10627,0.011613162,407,0.2629,0.26214,0.005576545,551,0.6824,0.65821,0.011686519,0.005503188
451584,Wade Davis,4925,0.12629,0.09226,0.034941812,1492,0.25268,0.29624,-0.032510762,2194,0.66955,0.64571,0.008751454,-0.006320403
451596,Yovani Gallardo,9174,0.06845,0.10757,-0.035624746,3229,0.26262,0.27776,-0.005990052,4142,0.63786,0.61822,0.011025742,-0.052640539
451661,Josh Fields,3036,0.12846,0.11184,0.015466463,977,0.34391,0.29507,0.043071958,1596,0.72306,0.67479,0.030667299,0.027871121
451775,Fernando Rodriguez Jr.,1721,0.13016,0.09193,0.035351524,619,0.3021,0.2817,0.016034292,801,0.72035,0.66653,0.029605073,0.021780743
452027,Andrew Albers,1084,0.07472,0.10746,-0.027709592,363,0.33609,0.34891,-0.011634559,579,0.64767,0.651,-0.011538004,-0.027806147
452657,Jon Lester,15685,0.09882,0.09309,0.004412585,6100,0.29164,0.26866,0.020188222,7054,0.66728,0.65464,0.002708213,0.021892594
452666,Tom Wilhelmsen,2351,0.09358,0.10808,-0.00968816,644,0.25155,0.29347,-0.028638558,1112,0.66187,0.64003,0.012291276,-0.050617993
452718,Kyle Kendrick,2467,0.06567,0.09616,-0.030599112,716,0.32961,0.30701,0.024129505,1213,0.66694,0.64325,0.015480236,-0.021949843
453172,Jared Hughes,5177,0.10605,0.07646,0.027183457,1881,0.43541,0.25651,0.161810688,2146,0.68453,0.59613,0.066008461,0.122985685
453178,Ian Kennedy,11994,0.09596,0.10806,-0.010026422,3816,0.31001,0.34401,-0.020938896,5923,0.66385,0.67322,-0.017219073,-0.013746245
453192,Andrew Miller,4726,0.157,0.11052,0.046527713,2067,0.35849,0.28645,0.06954436,2344,0.56741,0.64594,-0.086427641,0.202499713
453214,Steven Wright,4999,0.09802,0.08926,0.013074119,1820,0.2456,0.17457,0.065082035,2576,0.63432,0.56024,0.060469397,0.017686757
453249,Jeff Manship,1337,0.11144,0.11266,0.002117585,337,0.33828,0.26238,0.053396907,561,0.61141,0.62029,-0.016206986,0.071721478
453265,Tony Watson,5047,0.12403,0.10419,0.017451103,1689,0.27353,0.30172,-0.021471977,2503,0.70515,0.67309,0.011601965,-0.015622839
453281,Wade LeBlanc,6558,0.0953,0.10756,-0.012126563,2119,0.2421,0.29717,-0.04824537,3163,0.65191,0.65228,-0.008772813,-0.05159912
453284,Blake Parker,3702,0.11885,0.10813,0.011443435,1099,0.32029,0.3442,-0.010236863,1753,0.66229,0.67493,-0.020055816,0.021262388
453286,Max Scherzer,16016,0.15691,0.10981,0.045184928,4600,0.32891,0.3216,0.009029044,8452,0.69605,0.67587,0.010833988,0.043379984
453311,Tim Lincecum,2128,0.10667,0.11836,-0.013695254,842,0.26841,0.272,-0.001461567,976,0.64959,0.66094,-0.022684443,0.007527622
453329,Clay Buchholz,6423,0.09793,0.09582,0.001927276,1879,0.30761,0.3012,0.007921739,3262,0.64899,0.63681,-0.00055004,0.010399055
453343,Mark Melancon,4441,0.10673,0.10024,0.005445328,1386,0.29726,0.31469,-0.012780154,2036,0.639,0.62762,-0.003906631,-0.003428196
453344,Brandon Morrow,1870,0.12781,0.10025,0.023099397,651,0.30261,0.3065,-0.003977133,937,0.73746,0.66652,0.041083557,-0.021961293
453385,Clayton Richard,7826,0.0814,0.09077,-0.011006072,2737,0.23676,0.26013,-0.023782172,3755,0.66764,0.62129,0.037725934,-0.072514177
453562,Jake Arrieta,14171,0.09343,0.10324,-0.011618949,4273,0.33864,0.28595,0.05585107,7026,0.61899,0.65155,-0.04302356,0.087255681
453646,Carlos Villanueva,2179,0.11657,0.11957,-0.004197464,574,0.25436,0.28112,-0.015677466,1044,0.64176,0.6316,-0.003209333,-0.016665597
455009,Jonathan Broxton,2300,0.11087,0.10472,0.003826377,699,0.26466,0.25016,0.016675211,1110,0.70541,0.65713,0.02815696,-0.007655371
455119,Chris Martin,2043,0.10083,0.10038,0.00312332,586,0.36519,0.35145,0.017928401,1058,0.68147,0.67018,6.86E-05,0.020983139
455374,Antonio Bastardo,2561,0.13393,0.09749,0.034169643,1036,0.27027,0.251,0.013843327,1197,0.72932,0.65917,0.049879278,-0.001866307
456027,Ross Ohlendorf,1661,0.10476,0.10522,0.00129475,559,0.27907,0.26643,0.016438661,782,0.67136,0.66525,-6.91E-05,0.017802505
456034,David Price,12847,0.11294,0.09949,0.013877223,4532,0.26456,0.28963,-0.027293274,6583,0.68343,0.67889,-0.007338139,-0.006077913
456051,Hector Noesi,1120,0.12054,0.12565,-0.006609378,347,0.317,0.33842,-0.012077474,523,0.72849,0.66531,0.034376737,-0.053063589
456068,Miguel Gonzalez,7372,0.08003,0.11138,-0.024799595,2408,0.32309,0.31567,0.013479671,3644,0.66438,0.64246,0.014476124,-0.025796048
456071,Yohan Flande,1060,0.07264,0.10542,-0.029147147,353,0.16714,0.29017,-0.093881397,565,0.62478,0.6265,-0.005932645,-0.117095899
456167,A.J. Griffin,3364,0.0874,0.10156,-0.008215057,1174,0.25298,0.27186,-0.01039044,1723,0.6361,0.65576,-0.029104336,0.010498839
456379,Al Alburquerque,1457,0.11393,0.10867,0.007870078,361,0.18837,0.24949,-0.041267052,719,0.60362,0.60859,-0.011170716,-0.022226258
456501,Johnny Cueto,10110,0.09901,0.10632,-0.008081595,3849,0.33749,0.31075,0.0237478,4704,0.67134,0.65873,0.002741377,0.012924828
456696,David Hernandez,4536,0.12302,0.0989,0.02309699,1137,0.2876,0.30639,-0.011914358,2314,0.68626,0.65349,0.018264591,-0.007081958
456701,Homer Bailey,6575,0.0981,0.11623,-0.020502496,1856,0.31789,0.34126,-0.014937713,3309,0.68057,0.66235,0.008732098,-0.044172307
456713,Matt Bush,2383,0.1217,0.09506,0.029222168,627,0.33333,0.31206,0.027485698,1269,0.70213,0.65338,0.031060572,0.025647294
457429,Boone Logan,2023,0.16164,0.11604,0.042950974,861,0.31359,0.27302,0.045188093,901,0.64262,0.6357,-0.007113007,0.095252074
457711,Sean O'Sullivan,1537,0.06181,0.10804,-0.039396446,449,0.24722,0.27082,-0.016396084,771,0.64851,0.64077,-0.002367723,-0.053424808
457768,Bryan Morris,1705,0.11261,0.07833,0.030536371,465,0.33978,0.25833,0.065745645,800,0.6875,0.6202,0.042573447,0.053708569
457915,Javy Guerra,2247,0.08189,0.10825,-0.026563802,695,0.28201,0.29771,-0.013250994,1226,0.70962,0.65881,0.02829322,-0.068108016
457918,J.A. Happ,14074,0.09599,0.10011,-0.003368701,4905,0.26402,0.29364,-0.032074058,6745,0.68095,0.65437,0.013957034,-0.049399793
458006,Matt Albers,4188,0.08715,0.10044,-0.010723399,1258,0.37997,0.30445,0.070484736,1878,0.63951,0.65125,-0.02218495,0.081946288
458584,Xavier Cedeno,2181,0.12884,0.1051,0.025598904,1009,0.33399,0.26627,0.069819348,987,0.60892,0.64135,-0.031467044,0.126885295
458677,Justin Wilson,4983,0.12021,0.08412,0.03571931,2118,0.30548,0.28019,0.028736819,2542,0.68332,0.68801,-0.018799234,0.083255363
458681,Lance Lynn,12547,0.10122,0.08438,0.016347781,4947,0.29149,0.27884,0.015909512,5761,0.70005,0.67061,0.019559214,0.012698079
458690,Chris Volstad,1120,0.04911,0.09528,-0.035892358,324,0.3179,0.31,0.008926994,577,0.62392,0.64887,-0.025748413,-0.001216951
458708,Josh Tomlin,7846,0.08323,0.09347,-0.008165554,2189,0.29603,0.31647,-0.018215197,3902,0.66863,0.63795,0.015030694,-0.041411445
459429,Jake McGee,4010,0.09975,0.09179,0.008597272,1493,0.23711,0.28548,-0.038063237,2189,0.71585,0.67155,0.028876388,-0.058342353
459987,Cesar Ramos,1610,0.08385,0.10884,-0.017287057,621,0.21578,0.26889,-0.038636698,741,0.68286,0.61353,0.051161598,-0.107085353
460024,Luke Hochevar,1484,0.11523,0.09139,0.022279271,332,0.31325,0.31334,-3.38E-05,746,0.6622,0.66062,-0.005909708,0.028155205
460059,Mike Pelfrey,6904,0.06301,0.09523,-0.02715954,2349,0.27075,0.30207,-0.027185671,3244,0.64303,0.66324,-0.028615662,-0.025729548
460283,Jerry Blevins,3118,0.11097,0.1148,0.001086958,1253,0.22745,0.2677,-0.026470553,1436,0.60028,0.65481,-0.059284992,0.033901397
461325,Tyler Clippard,5691,0.13319,0.1142,0.019911358,2082,0.3146,0.29871,0.019772878,2732,0.71157,0.70676,-0.006455,0.046139236
461829,Gio Gonzalez,13814,0.09476,0.11095,-0.018596682,5002,0.2381,0.28087,-0.0494118,6126,0.63777,0.66146,-0.030017131,-0.037991351
461833,Phil Hughes,4680,0.06346,0.098,-0.031097275,1278,0.29499,0.32767,-0.023645691,2622,0.68574,0.65384,0.018196337,-0.072939303
461872,Anthony Swarzak,3526,0.1194,0.13273,-0.010449154,632,0.32278,0.3222,0.001618084,1676,0.66408,0.64708,0.004104702,-0.012935771
462136,Marco Estrada,11724,0.10406,0.10942,-0.002408726,4039,0.32236,0.31674,0.007419115,5721,0.7018,0.67488,0.014134716,-0.009124327
462382,Jim Johnson,4268,0.0813,0.09566,-0.012500988,1174,0.35094,0.29714,0.048174829,2125,0.60094,0.63962,-0.042674159,0.078348
462515,Miguel Socolovich,1178,0.10951,0.11713,-0.007190569,310,0.2871,0.31157,-0.00225254,571,0.662,0.66447,-0.010871102,0.001427993
462985,Franklin Morales,1039,0.0693,0.08521,-0.007566199,443,0.24831,0.23032,0.0206282,528,0.60606,0.63941,-0.027054259,0.04011626
465657,Joakim Soria,5692,0.12474,0.10463,0.020632435,1658,0.29795,0.33649,-0.023834758,2889,0.69055,0.6728,0.005231502,-0.008433824
467008,Pedro Strop,4586,0.15874,0.11509,0.044651739,1171,0.27925,0.29048,-0.005849979,2039,0.63168,0.64365,-0.023349199,0.062150958
467094,Felix Doubront,1301,0.09685,0.09251,0.003423729,470,0.24255,0.23522,-0.00086339,687,0.6361,0.65289,-0.022177516,0.024737855
467100,Ivan Nova,11958,0.08622,0.09665,-0.012021109,4017,0.35599,0.28847,0.069282454,5665,0.66937,0.64729,0.013545071,0.043716275
468396,Alexi Ogando,1846,0.10401,0.09799,0.008177306,417,0.28537,0.25754,0.01939361,934,0.66702,0.64888,0.009152236,0.01841868
468504,Jhoulys Chacin,10509,0.0825,0.10504,-0.021674557,2934,0.20109,0.27144,-0.057061359,5147,0.61512,0.63398,-0.028657255,-0.050078661
471822,Jumbo Diaz,2437,0.12433,0.10783,0.015609907,689,0.28737,0.29894,-0.005898176,1229,0.70464,0.66706,0.021374995,-0.011663263
471911,Carlos Carrasco,12253,0.13923,0.11596,0.025356867,3556,0.3144,0.31322,0.006331119,5837,0.67586,0.6621,0.003060332,0.028627654
472551,Fernando Abad,2620,0.08664,0.08988,-0.003571487,992,0.25302,0.26319,-0.006028,1306,0.62175,0.64166,-0.028009136,0.018409648
472610,Luis Garcia,4356,0.12351,0.10468,0.019080453,1305,0.26743,0.26898,0.004475346,2013,0.65176,0.63692,0.003688636,0.019867163
473879,Sam Dyson,5087,0.09908,0.08683,0.0117426,1537,0.32791,0.30398,0.025460005,2546,0.67832,0.64558,0.017160218,0.020042387
474029,Zach Putnam,1446,0.17151,0.13216,0.036364308,575,0.39826,0.34961,0.041025817,566,0.67845,0.6741,-0.007049847,0.084439972
474463,Brett Anderson,7816,0.07549,0.09985,-0.02282876,2756,0.26488,0.26791,-0.002494037,3894,0.63867,0.62359,0.006155689,-0.031478487
474521,Shawn Tolleson,1900,0.09737,0.10099,-0.001007011,547,0.28885,0.29252,0.009129998,979,0.62206,0.66181,-0.04204485,0.050167837
474699,Vance Worley,3684,0.0551,0.08856,-0.03020363,1257,0.29594,0.24675,0.04966394,1826,0.64239,0.64613,-0.011560803,0.031021113
475054,Chaz Roe,3117,0.10587,0.10201,0.005659392,832,0.22115,0.24404,-0.020794028,1541,0.56132,0.62899,-0.073260823,0.058126186
475115,Tyson Ross,7397,0.09896,0.10717,-0.008253144,1823,0.22929,0.26867,-0.027745569,3344,0.60736,0.6308,-0.032322412,-0.003676301
475243,Travis Wood,4355,0.07715,0.08495,-0.008168875,1755,0.27692,0.26813,0.013233975,2143,0.69855,0.67673,0.011340121,-0.00627502
475416,Justin Masterson,1118,0.06619,0.07712,-0.011206873,359,0.26741,0.24552,0.019650234,506,0.64229,0.62738,-0.000722742,0.009166103
475479,David Phelps,5115,0.07586,0.09702,-0.019195812,1346,0.26449,0.32479,-0.048614451,2626,0.60206,0.65976,-0.062207198,-0.005603065
476451,Jeremy Hellickson,10045,0.09398,0.11329,-0.020324605,3392,0.34906,0.33007,0.017941984,4631,0.66141,0.6528,0.001800501,-0.004183122
476454,Dellin Betances,5028,0.14578,0.10646,0.040739801,1525,0.21836,0.26397,-0.044431302,2407,0.53552,0.63994,-0.106881418,0.103189917
476589,Adam Warren,5984,0.09442,0.12239,-0.023704473,1880,0.2867,0.30793,-0.016111142,2584,0.66796,0.64464,0.015880748,-0.055696363
477003,Jonathon Niese,4674,0.0644,0.09453,-0.031182823,1688,0.2654,0.26623,-0.008895059,2329,0.63547,0.63972,-0.010299687,-0.029778195
477132,Clayton Kershaw,12848,0.13994,0.11919,0.017840531,4763,0.34579,0.30536,0.033423064,6652,0.68536,0.63877,0.034905923,0.016357672
477569,Fernando Salas,4106,0.11836,0.11559,0.00367147,1438,0.34423,0.3442,0.002165374,2084,0.69674,0.67,0.015753065,-0.009916221
488674,Burke Badenhop,1146,0.06457,0.09717,-0.027724357,375,0.27733,0.24921,0.02800237,549,0.61566,0.64445,-0.032698855,0.032976868
488748,Ryan Buchter,3814,0.10514,0.08985,0.016713375,1808,0.27046,0.28459,-0.00633553,1835,0.69428,0.68595,-0.001902913,0.012280758
488768,Andrew Cashner,13200,0.07644,0.10671,-0.027687682,4183,0.29835,0.30713,0.002438614,6315,0.65004,0.65699,-0.015979577,-0.009269491
488786,Louis Coleman,1811,0.11927,0.12342,-0.005794327,501,0.23752,0.26401,-0.014998447,775,0.65806,0.64058,0.004552241,-0.025345015
488846,Brian Duensing,2818,0.09404,0.10559,-0.008820689,992,0.25907,0.26777,0.000604004,1285,0.66381,0.63704,0.014972637,-0.023189322
488984,Tommy Hunter,3400,0.10853,0.09516,0.01518051,934,0.37045,0.29455,0.074467331,1753,0.67313,0.64481,0.017582537,0.072065304
489119,Wade Miley,13014,0.08737,0.1105,-0.022825325,4798,0.27178,0.2923,-0.020620988,5658,0.63644,0.63759,-0.010047909,-0.033398404
489265,Sergio Romo,4575,0.14557,0.12668,0.01698737,1279,0.32916,0.28211,0.048049708,1951,0.63608,0.62573,-0.007401334,0.072438412
489334,Craig Stammen,3844,0.11498,0.10728,0.006819661,1019,0.39058,0.30023,0.086715115,1753,0.64005,0.6325,-0.009684586,0.103219361
489446,Kirby Yates,4414,0.14998,0.11309,0.037211456,1495,0.33378,0.3443,-0.005500754,2120,0.69575,0.68169,-0.000580008,0.032290711
490063,Matt Garza,5804,0.07908,0.10102,-0.021168517,1931,0.29156,0.28338,0.011926892,2731,0.67814,0.62953,0.036366959,-0.045608584
491646,Jeanmar Gomez,3570,0.08571,0.09666,-0.007766829,1207,0.37283,0.29299,0.077849543,1639,0.61074,0.6495,-0.040320944,0.110403658
491703,Neftali Feliz,2706,0.12047,0.09936,0.022794241,812,0.28079,0.2743,0.010613857,1361,0.73402,0.68084,0.038151071,-0.004742973
491708,Arquimedes Caminero,2311,0.11467,0.08926,0.022435769,680,0.28088,0.26667,0.009201939,1170,0.69658,0.64727,0.022600854,0.009036853
493157,Koji Uehara,2177,0.1672,0.12126,0.043220875,774,0.4031,0.3374,0.061890056,1062,0.71563,0.70477,0.000496195,0.104614736
493200,Seunghwan Oh,3991,0.1561,0.09971,0.052660221,1090,0.3156,0.32378,-0.002406172,1981,0.71731,0.67974,0.018343544,0.031910506
493247,Peter Moylan,2256,0.10239,0.09791,0.006067936,649,0.31125,0.25149,0.053870201,1088,0.63327,0.63755,-0.011074021,0.071012157
493603,Adam Ottavino,4263,0.11189,0.10239,0.008115939,1125,0.224,0.26432,-0.0310371,2093,0.54037,0.63543,-0.102721518,0.079800357
500610,Deolis Guerra,1678,0.11502,0.11775,-0.000990188,497,0.37022,0.3242,0.03978658,754,0.68833,0.69331,-0.012062478,0.05085887
500724,JC Ramirez,4167,0.09071,0.10253,-0.009832997,1006,0.23459,0.25413,-0.009914499,2188,0.67048,0.64514,0.013477297,-0.033224793
500779,Jose Quintana,15329,0.08363,0.11057,-0.026749388,5784,0.26954,0.30388,-0.036379662,7493,0.63392,0.65344,-0.030550151,-0.032578899
500872,Gregory Infante,1105,0.10226,0.10509,-0.001358381,308,0.25974,0.27546,-0.010754489,559,0.65474,0.65248,-0.008335527,-0.003777343
501381,Michael Pineda,9016,0.12755,0.12543,0.003888701,2626,0.29741,0.33945,-0.038973656,4387,0.67814,0.66605,0.002654947,-0.037739902
501593,Luis Avilan,3488,0.12844,0.11187,0.016749617,1081,0.24144,0.26987,-0.022347838,1365,0.65495,0.65936,-0.01507229,0.009474069
501625,Jose Alvarez,4856,0.10626,0.10028,0.006954843,1922,0.2846,0.2747,0.011471766,2330,0.6867,0.64401,0.028156151,-0.009729542
501697,Jhan Marinez,2163,0.09431,0.0851,0.005345584,856,0.36565,0.25107,0.099161256,928,0.68427,0.64052,0.024992544,0.079514297
501789,Will Harris,4763,0.11904,0.11227,0.008116749,1310,0.27557,0.31355,-0.029727277,2235,0.6255,0.64512,-0.024279578,0.00266905
501817,Tony Barnette,2430,0.12058,0.09482,0.028907796,640,0.30781,0.31395,0.005844778,1136,0.66901,0.64817,0.00962874,0.025123835
501822,Chris Hatcher,3195,0.10892,0.10968,-6.77E-05,1143,0.31321,0.31279,0.00311622,1482,0.68151,0.66029,0.006996291,-0.003947807
501925,Joe Smith,3716,0.09338,0.0824,0.012200504,1273,0.36214,0.25841,0.097724023,1865,0.61662,0.62804,-0.017462355,0.127386882
501957,Chris Tillman,8052,0.0765,0.09986,-0.018574948,3036,0.27899,0.25784,0.024852017,3813,0.67952,0.66311,0.007508948,-0.00123188
501985,Mike Minor,7104,0.11106,0.10725,0.00573537,2968,0.29683,0.3011,-0.001052739,3498,0.6701,0.65758,0.004912788,-0.000230156
501992,Nate Karns,4932,0.1026,0.10946,-0.004257974,1622,0.27435,0.28439,-0.001149722,2383,0.61519,0.64616,-0.038732866,0.03332517
502004,George Kontos,3355,0.12042,0.09012,0.028964872,1015,0.25616,0.26898,-0.00510797,1590,0.68679,0.64328,0.027697754,-0.003840852
502009,Mat Latos,3230,0.08978,0.1039,-0.010827044,967,0.2999,0.28024,0.017660345,1583,0.67214,0.64656,0.017300146,-0.010466846
502026,Jeremy Jeffress,5290,0.11078,0.09737,0.014601367,1609,0.34245,0.29822,0.04451642,2590,0.63629,0.64795,-0.028309659,0.087427445
502028,Blake Wood,2813,0.10985,0.11299,-0.003377865,702,0.28205,0.28477,0.00060751,1397,0.61704,0.64576,-0.035332866,0.03256251
502032,Bud Norris,5715,0.10499,0.09497,0.011240453,1705,0.27331,0.2816,0.000985042,2742,0.64916,0.64989,-0.004930306,0.0171558
502042,Chris Archer,14878,0.12892,0.11832,0.013257593,4521,0.25636,0.2774,-0.015956471,7357,0.64877,0.65243,-0.010012913,0.007314035
502043,Kyle Gibson,14136,0.10831,0.11911,-0.009073448,4582,0.3481,0.31593,0.030581849,5842,0.64071,0.63813,-0.010148256,0.031656657
502046,Jeff Locke,5333,0.08663,0.10798,-0.024310317,2035,0.23342,0.29713,-0.070295474,2513,0.68404,0.66655,0.002052455,-0.096658246
502083,Zach McAllister,3953,0.09739,0.09569,0.002131338,1052,0.28707,0.31864,-0.027031766,2150,0.67302,0.68428,-0.020828286,-0.004072142
502085,David Robertson,4598,0.1418,0.11506,0.027684501,1158,0.27029,0.30085,-0.027144928,2231,0.6199,0.64158,-0.033705628,0.034245201
502154,Zack Britton,4258,0.13903,0.07045,0.06959602,1431,0.24878,0.20526,0.041667458,1899,0.62138,0.61161,0.003917288,0.10734619
502171,Alex Cobb,5798,0.07123,0.11193,-0.034982391,2050,0.33951,0.33235,0.012900759,2788,0.61836,0.64077,-0.029158549,0.007076917
502188,Jeff Samardzija,13478,0.09378,0.09836,-0.005378315,4557,0.31183,0.29273,0.022771082,6756,0.6794,0.65816,0.011496986,0.00589578
502190,Mike Leake,13962,0.07513,0.1023,-0.025592599,3696,0.29897,0.32544,-0.010739008,6963,0.66896,0.64873,0.014721569,-0.051053176
502202,Brad Boxberger,3739,0.1126,0.10889,0.005129532,1220,0.35164,0.33152,0.0233614,1807,0.63365,0.69238,-0.061346557,0.08983749
502211,Mike Bolsinger,3010,0.08605,0.10619,-0.016508847,926,0.18898,0.22076,-0.032051053,1444,0.58241,0.60523,-0.028409124,-0.020150776
502212,Austin Bibens-Dirkx,1940,0.09124,0.11632,-0.020321198,625,0.2656,0.29137,-0.021658832,925,0.68432,0.62787,0.036305547,-0.078285577
502239,Trevor Cahill,6822,0.10906,0.10515,0.00430952,1889,0.29275,0.29429,0.000893125,3107,0.62407,0.65214,-0.03521969,0.040422336
502272,Casey Fien,1910,0.10733,0.10761,0.002862659,509,0.30059,0.30067,-0.004006382,998,0.71242,0.63486,0.053132363,-0.054276086
502327,Hector Santiago,10283,0.08519,0.09552,-0.00866973,4192,0.21517,0.27862,-0.063080235,5302,0.65221,0.6883,-0.046383632,-0.025366333
502381,Luke Gregerson,3196,0.16176,0.10731,0.053888434,826,0.32446,0.26079,0.06053607,1387,0.62653,0.60782,0.011633933,0.102790571
502522,Justin Miller,2544,0.11478,0.09578,0.017665556,759,0.28063,0.2658,0.015033705,1349,0.71238,0.67218,0.024876211,0.00782305
502593,Jake Petricka,2440,0.08975,0.09292,-0.000137319,761,0.32457,0.2754,0.04345118,1184,0.65118,0.65245,-0.012067714,0.055381575
502624,Chase Anderson,12234,0.09326,0.10418,-0.012145417,3931,0.33045,0.31614,0.015707419,5947,0.67479,0.67135,-0.008458058,0.01202006
502706,Derek Holland,9672,0.08757,0.10643,-0.018833721,4272,0.25047,0.31008,-0.059477891,4602,0.65472,0.64524,-0.000240269,-0.078071343
502748,Brad Peacock,5527,0.1082,0.10709,0.00222527,1211,0.27498,0.2984,-0.010637698,2651,0.62203,0.64647,-0.030092098,0.02167967
503285,Darren O'Day,3162,0.13441,0.12024,0.017081352,965,0.32124,0.33041,0.000244122,1551,0.63443,0.64832,-0.016264334,0.033589808
503449,Wily Peralta,6300,0.08222,0.10119,-0.019457315,2040,0.28088,0.26754,0.014338509,2724,0.67364,0.62963,0.030238955,-0.03535776
504379,Juan Nicasio,6180,0.10453,0.10669,-0.002139382,1860,0.29839,0.30785,-0.005356871,3109,0.68607,0.66896,0.002708188,-0.010204441
506433,Yu Darvish,8041,0.12561,0.09316,0.033831442,2081,0.30034,0.28711,0.018507802,4141,0.63777,0.64817,-0.023005549,0.075344793
516910,Carlos Frias,1233,0.09895,0.07851,0.014620054,346,0.31792,0.2639,0.034360842,575,0.66783,0.63259,0.017353659,0.031627237
516969,Kelvin Herrera,4980,0.13092,0.10203,0.029969816,2010,0.35274,0.30094,0.058302486,2445,0.6953,0.67256,0.011787063,0.076485239
517008,Alex Colome,5795,0.12614,0.0776,0.049925732,1728,0.23148,0.2761,-0.032645737,2761,0.69757,0.64974,0.037891261,-0.020611266
517414,Randall Delgado,3894,0.11685,0.11139,0.003626612,1299,0.34026,0.30149,0.038452629,1754,0.6545,0.6491,-0.007413582,0.049492823
517593,Danny Salazar,7297,0.12608,0.10308,0.026499233,2314,0.32627,0.29387,0.026300497,3634,0.67722,0.67795,-0.010919924,0.063719654
518397,Scott Alexander,2781,0.11686,0.07694,0.037323425,1072,0.24067,0.24944,0.000178074,1321,0.68509,0.60912,0.051365973,-0.013864475
518445,Chad Bell,1294,0.08887,0.08711,-0.000567817,561,0.26203,0.27873,-0.012624639,611,0.67758,0.64129,0.015237212,-0.028429668
518452,Chad Bettis,8566,0.09012,0.10665,-0.017278253,2868,0.26709,0.30554,-0.031194211,3932,0.66556,0.64363,0.01342439,-0.061896854
518468,Michael Blazek,1946,0.10072,0.1074,-0.004177176,555,0.22342,0.23407,-0.002831064,872,0.60092,0.61985,-0.025566219,0.018557979
518489,Ryan Brasier,1583,0.15477,0.12325,0.026814262,448,0.34375,0.31775,0.023955435,754,0.7374,0.68526,0.031972553,0.018797144
518516,Madison Bumgarner,13644,0.11309,0.10802,0.000416524,5434,0.31855,0.28338,0.028278587,6730,0.68247,0.65445,0.017929956,0.010765155
518553,Steve Cishek,5257,0.10443,0.10083,0.004266139,1827,0.27258,0.26098,0.017992882,2392,0.5903,0.64934,-0.069492059,0.09175108
518560,Paul Clemens,1196,0.06605,0.09298,-0.022967181,361,0.26593,0.269,0.000734192,610,0.61967,0.64206,-0.020614281,-0.001618708
518566,Taylor Cole,1542,0.12581,0.11843,0.008251263,535,0.30467,0.30256,0.006157337,691,0.67873,0.64133,0.015800308,-0.001391708
518567,Josh Collmenter,3061,0.07351,0.10155,-0.02591348,1126,0.26465,0.30042,-0.029110519,1466,0.66439,0.66928,-0.010270367,-0.044753633
518603,Justin De Fratus,1483,0.10182,0.10334,0.001281011,526,0.31559,0.26939,0.039761251,670,0.69254,0.65963,0.02134474,0.019697522
518617,Jake Diekman,4657,0.12304,0.09958,0.023967212,1909,0.26192,0.25981,0.007291026,2189,0.62449,0.65905,-0.042640896,0.073899134
518633,Danny Duffy,12204,0.1057,0.10681,-9.69E-05,4600,0.2587,0.29036,-0.03026424,6432,0.67677,0.66781,-0.00242081,-0.027940332
518693,Sam Freeman,2792,0.11354,0.10595,0.008284103,951,0.22397,0.28081,-0.039591284,1321,0.62226,0.64918,-0.029522321,-0.00178486
518715,Cory Gearrin,3830,0.10548,0.09899,0.005534195,1053,0.28965,0.26969,0.027790884,1806,0.63289,0.63864,-0.013106373,0.046431452
518716,Dillon Gee,3479,0.08997,0.10348,-0.009811794,1115,0.31211,0.3074,0.007638732,1796,0.63586,0.66221,-0.031473101,0.029300039
518748,Justin Grimm,3122,0.12076,0.11614,0.003545357,748,0.20187,0.27647,-0.058047507,1394,0.59613,0.63682,-0.045519709,-0.008982441
518774,Matt Harvey,9376,0.09866,0.11108,-0.013391907,2674,0.32124,0.31149,0.011369534,4836,0.66274,0.65989,-0.006981616,0.004959244
518790,Chris Heston,3062,0.08752,0.09664,-0.01141838,982,0.30957,0.25876,0.044411285,1360,0.58456,0.6425,-0.062760378,0.095753283
518813,Greg Holland,3202,0.13866,0.12169,0.016205175,1004,0.21514,0.26689,-0.037391557,1495,0.61204,0.62727,-0.027294294,0.006107912
518858,Nate Jones,2380,0.13445,0.10479,0.029276547,640,0.27031,0.27321,0.002949264,1179,0.67769,0.65443,0.009156419,0.023069393
518875,Shawn Kelley,3811,0.13435,0.12841,0.006810639,895,0.29385,0.30536,-0.005296597,2047,0.69809,0.66117,0.023084593,-0.021570551
518876,Merrill Kelly,2927,0.09669,0.09984,-0.007316434,790,0.28101,0.34536,-0.041441026,1401,0.67809,0.64674,0.015176237,-0.063933698
518886,Craig Kimbrel,4696,0.16844,0.11341,0.053816017,1386,0.31746,0.32645,-0.000385758,2207,0.64658,0.67213,-0.034681211,0.08811147
518927,Tommy Layne,1808,0.08628,0.08604,0.002366778,731,0.21888,0.22516,-0.006742966,809,0.57602,0.5971,-0.025312905,0.020936717
519008,T.J. McFarland,4006,0.07738,0.09147,-0.013491211,1258,0.22814,0.25208,-0.017543931,1770,0.69944,0.60592,0.078605093,-0.109640236
519043,Matt Moore,9058,0.0977,0.09968,-0.001982886,3622,0.25897,0.28183,-0.024801723,4739,0.66428,0.66046,-0.005174316,-0.021610294
519076,Jimmy Nelson,8888,0.09575,0.09803,-0.002005845,2732,0.29685,0.27548,0.026065208,4552,0.63115,0.64868,-0.026862576,0.050921939
519085,Brett Oberholtzer,1875,0.0784,0.1087,-0.023556893,699,0.24464,0.31233,-0.05375194,932,0.65773,0.65653,-0.006169408,-0.071139425
519096,Dan Otero,3982,0.07358,0.09356,-0.017729289,1480,0.42162,0.30992,0.102697941,1949,0.65829,0.65305,-0.005115841,0.090084492
519141,Drew Pomeranz,10579,0.10247,0.10729,-0.006274742,4741,0.28327,0.28084,-0.002380534,5109,0.63985,0.65797,-0.033477786,0.02482251
519144,Rick Porcello,15552,0.08629,0.10703,-0.019139447,4709,0.3334,0.2968,0.041501924,8098,0.65374,0.65503,-0.012003504,0.034365982
519151,Ryan Pressly,4600,0.1437,0.12406,0.020759528,1020,0.25294,0.29017,-0.030545885,2385,0.65031,0.64255,-0.001757909,-0.008028447
519166,Neil Ramirez,2633,0.13255,0.118,0.012804346,760,0.27763,0.28558,-0.000247962,1253,0.67917,0.66687,-0.002055739,0.014612124
519240,Marc Rzepczynski,2167,0.12229,0.09859,0.02208725,822,0.28345,0.25948,0.026938033,874,0.63959,0.59968,0.020924343,0.028100939
519242,Chris Sale,14912,0.14163,0.11598,0.025145836,5329,0.30869,0.31602,-0.011179581,7611,0.64591,0.68518,-0.052550325,0.06651658
519263,A.J. Schugel,1486,0.08546,0.10444,-0.021802289,562,0.32562,0.32486,0.00515976,720,0.65556,0.66946,-0.022659362,0.006016833
519293,Will Smith,3692,0.14735,0.11166,0.03448246,1627,0.38107,0.30482,0.077943339,1709,0.59977,0.61877,-0.030365723,0.142791522
519294,Josh Smoker,1547,0.11377,0.10031,0.010549955,678,0.25664,0.27759,-0.011738689,762,0.65092,0.66046,-0.013310426,0.012121693
519301,Sammy Solis,2244,0.1123,0.10556,0.009549637,1022,0.25245,0.29055,-0.035651736,1082,0.68022,0.67608,-0.005592798,-0.020509301
519322,Drew Storen,2753,0.10389,0.10451,0.000663955,795,0.30314,0.25984,0.04328226,1382,0.64834,0.65371,-0.013450201,0.057396416
519326,Hunter Strickland,4061,0.11746,0.10132,0.013578809,1175,0.29277,0.29901,0.001914351,2066,0.7091,0.6771,0.017108224,-0.001615064
519381,Pat Venditte,1191,0.0974,0.10746,-0.007376774,397,0.29219,0.29047,0.001193798,563,0.64121,0.64597,-0.013819734,0.007636758
519393,Marcus Walden,1499,0.13075,0.10412,0.021754521,447,0.23937,0.28092,-0.030669829,688,0.67878,0.6442,0.020225308,-0.029140616
519443,Brandon Workman,2602,0.11414,0.10894,0.003999015,973,0.2446,0.26799,-0.014400653,1201,0.58618,0.63612,-0.053041474,0.042639836
519455,Jordan Zimmermann,11236,0.08419,0.11961,-0.032906988,3473,0.26029,0.31028,-0.038888464,5778,0.66944,0.64291,0.017642668,-0.08943812
520980,Pedro Baez,5369,0.15031,0.11087,0.035834553,2096,0.34971,0.29212,0.05294609,2561,0.74815,0.68342,0.044888837,0.043891806
521230,Liam Hendriks,5239,0.12827,0.11403,0.014894468,1369,0.32944,0.31441,0.022153185,2681,0.69675,0.67691,0.012956313,0.02409134
521655,Wilmer Font,2567,0.11063,0.10735,0.003316823,865,0.31908,0.30437,0.024445127,1274,0.69623,0.68828,-0.002854247,0.030616197
523260,Joe Kelly,6347,0.09375,0.10862,-0.012782,1915,0.29608,0.29424,0.003516921,3126,0.61356,0.65033,-0.045131415,0.035866335
523989,Rubby De La Rosa,3968,0.11341,0.10398,0.008072072,1321,0.30507,0.29824,0.017248831,1935,0.65891,0.65638,-0.008348773,0.033669676
527048,Martin Perez,11510,0.08063,0.10296,-0.021462161,3875,0.27742,0.29808,-0.01999215,5390,0.65751,0.6275,0.017546666,-0.059000977
527054,Julio Teheran,15173,0.10255,0.11003,-0.008026654,4961,0.26809,0.28909,-0.012556229,7124,0.66732,0.65717,0.005121639,-0.025704522
527055,Arodys Vizcaino,2929,0.13896,0.10032,0.036673246,955,0.26492,0.26767,0.004665985,1403,0.67356,0.64456,0.012002013,0.029337218
532077,Roberto Osuna,4860,0.15535,0.10462,0.050347896,1381,0.34251,0.30136,0.043502074,2370,0.72743,0.67282,0.044909795,0.048940175
533167,Matt Shoemaker,6662,0.11438,0.11508,0.001258586,2191,0.32405,0.30667,0.022251473,3200,0.68156,0.66335,0.006552044,0.016958015
534737,Pat Dean,1158,0.06218,0.09246,-0.022170804,496,0.31855,0.29815,0.012363226,536,0.64925,0.60978,0.018437094,-0.028244673
534812,Kevin Quackenbush,2820,0.0805,0.11187,-0.028447113,909,0.27063,0.29586,-0.02135801,1365,0.64396,0.66373,-0.029035896,-0.020769228
534910,Jesse Hahn,3535,0.0727,0.09384,-0.020031465,1164,0.3256,0.28959,0.033294564,1702,0.64395,0.65685,-0.024138593,0.037401692
534947,Tim Adleman,3113,0.10247,0.10594,-0.006757696,975,0.30872,0.30845,0.008964458,1589,0.67967,0.67282,-0.000234635,0.002441397
541640,Erasmo Ramirez,6539,0.10063,0.1026,0.003135794,1897,0.38376,0.34293,0.04454715,3238,0.68005,0.65934,0.011912794,0.035770151
541652,Bruce Rondon,2131,0.13233,0.10813,0.026078482,701,0.25678,0.26751,-0.008892267,1025,0.66049,0.64891,-0.000319572,0.017505787
542432,Jose Ramirez,2015,0.11266,0.10108,0.013726101,714,0.27731,0.29699,-0.016376094,959,0.68509,0.66632,0.008913059,-0.011563053
542587,Elvis Araujo,1162,0.11446,0.10229,0.013174234,482,0.26763,0.27133,-0.005170766,558,0.64695,0.65363,-0.016141029,0.024144497
542609,Enrique Burgos,1293,0.13302,0.10388,0.023988614,389,0.20308,0.24224,-0.02619845,622,0.6672,0.6302,0.00881787,-0.011027707
542674,Gonzalez Germen,1501,0.12125,0.11044,0.010320529,567,0.28924,0.28205,0.004668725,638,0.68652,0.66785,0.007833459,0.007155795
542866,Austin Adams,1184,0.11149,0.10304,0.00892646,414,0.29227,0.27871,0.01068466,599,0.68114,0.6493,0.013201723,0.006409398
542881,Tyler Anderson,6460,0.11362,0.1,0.009710365,2200,0.28364,0.2866,-0.00230318,3414,0.68307,0.66802,0.006880263,0.000526922
542882,Matt Andriese,7206,0.10394,0.11174,-0.004178384,2293,0.314,0.31751,0.000282341,3632,0.66134,0.66239,-0.009571111,0.005675068
542888,Shawn Armstrong,2169,0.1171,0.08627,0.027600258,637,0.24333,0.29684,-0.032142327,1120,0.7375,0.68453,0.030771542,-0.035313611
542914,Anthony Bass,2285,0.09059,0.10832,-0.011887888,661,0.27837,0.30678,-0.01407938,1070,0.6215,0.64732,-0.023651853,-0.002315415
542947,Richard Bleier,2537,0.08948,0.07902,0.011878409,870,0.3046,0.25243,0.056674434,1359,0.71597,0.64261,0.050859152,0.017693691
542953,Buddy Boshers,1512,0.10648,0.11368,-0.00452115,563,0.28597,0.31125,-0.012576688,738,0.61789,0.6258,-0.01364377,-0.003454069
542960,Brad Brach,6154,0.13048,0.11365,0.020501802,2065,0.37046,0.32435,0.05349986,2784,0.6875,0.67337,0.003994628,0.070007034
543001,Ryan Carpenter,1110,0.08018,0.10299,-0.016550098,422,0.22749,0.27757,-0.02792795,569,0.71178,0.66148,0.02787702,-0.072355069
543022,Tyler Chatwood,8170,0.08715,0.08004,0.006622177,2495,0.25571,0.26394,-0.000492725,3728,0.64834,0.63805,0.002168565,0.003960888
543037,Gerrit Cole,15072,0.12135,0.11297,0.007194868,4153,0.31784,0.31355,0.015097571,7802,0.65957,0.67085,-0.019426033,0.041718472
543045,Adam Conley,6722,0.10562,0.10129,0.0029442,2675,0.24374,0.28071,-0.041693831,3310,0.6997,0.66617,0.024349457,-0.063099087
543054,Jarred Cosart,2741,0.07005,0.09108,-0.018924315,996,0.19378,0.26764,-0.060971564,1228,0.64902,0.65184,-0.00545847,-0.074437409
543056,Danny Coulombe,2297,0.11014,0.10744,0.004327055,985,0.25482,0.25622,0.003277444,1158,0.62349,0.64393,-0.025549402,0.033153901
543101,Anthony DeSclafani,9115,0.09611,0.10941,-0.014329931,2493,0.26875,0.2924,-0.013703261,4585,0.66063,0.64773,0.004779445,-0.032812637
543118,Oliver Drake,3487,0.13737,0.11807,0.018954718,1320,0.29394,0.33343,-0.026248179,1733,0.65955,0.70099,-0.04496717,0.03767371
543135,Nathan Eovaldi,7870,0.09682,0.10709,-0.007268427,2261,0.31314,0.31822,0.002102936,4078,0.66552,0.66557,-0.008701776,0.003536284
543144,Danny Farquhar,2533,0.12712,0.10612,0.02311425,1051,0.36061,0.30083,0.055100023,1162,0.6704,0.67265,-0.00733849,0.085552764
543169,Brian Flynn,2686,0.08972,0.09807,-0.006954173,1157,0.22645,0.26059,-0.020733454,1251,0.69225,0.6311,0.045951013,-0.073638641
543184,Christian Friedrich,3130,0.09361,0.10447,-0.013268766,1406,0.33428,0.27052,0.052575863,1470,0.64218,0.62192,0.00974277,0.029564327
543208,Sam Gaviglio,4627,0.09185,0.11394,-0.020302438,1051,0.26166,0.29831,-0.022320565,2294,0.62293,0.63078,-0.016555184,-0.026067819
543219,Sean Gilmartin,1979,0.1046,0.10678,-2.38E-06,747,0.27443,0.27238,0.002418929,918,0.62527,0.6289,-0.006303483,0.00872003
543243,Sonny Gray,12865,0.10299,0.10945,-0.004599103,3231,0.25658,0.29229,-0.02723682,6144,0.63753,0.63891,-0.01001541,-0.021820513
543272,Brad Hand,6466,0.11754,0.10035,0.01666665,2711,0.2844,0.27261,0.013121707,3144,0.62341,0.64668,-0.033949909,0.063738267
543278,Blaine Hardy,4104,0.09747,0.10393,-0.004726922,1397,0.22835,0.28282,-0.047050363,2123,0.6406,0.66347,-0.03191032,-0.019866966
543294,Kyle Hendricks,13820,0.09211,0.10396,-0.01317099,4667,0.36512,0.34725,0.02903738,6668,0.59058,0.65021,-0.066996933,0.082863323
543331,J.J. Hoover,2483,0.10874,0.10039,0.00670212,730,0.26301,0.27567,-0.008711882,1073,0.66449,0.64637,0.000527494,-0.002537256
543339,Daniel Hudson,5512,0.11865,0.10969,0.008054612,1693,0.2912,0.31772,-0.019375756,2707,0.69302,0.66522,0.007385548,-0.018706692
543359,Dan Jennings,4350,0.0846,0.10136,-0.011635984,1543,0.24692,0.27584,-0.018306084,2123,0.63307,0.62584,-0.004526873,-0.025415196
543380,Taylor Jungmann,2670,0.0779,0.09588,-0.018012754,906,0.27263,0.26148,0.016086204,1221,0.59132,0.65732,-0.061978026,0.060051476
543408,Tom Koehler,7387,0.08623,0.11001,-0.02447207,2119,0.24257,0.26177,-0.017543844,3487,0.63149,0.63145,-0.008478494,-0.03353742
543424,John Lamb,2464,0.09253,0.09212,-0.0021514,981,0.27523,0.29831,-0.024860701,1244,0.62219,0.66314,-0.044367929,0.017355828
543456,Kyle Lobstein,1423,0.07379,0.07933,-0.006382882,570,0.26316,0.23666,0.02140997,628,0.62898,0.61866,-0.001864207,0.016891294
543475,Jordan Lyles,6707,0.09259,0.11416,-0.022226159,2278,0.28358,0.28149,0.006034586,3258,0.67403,0.64851,0.0150101,-0.031201673
543483,Matt Magill,2027,0.1263,0.1121,0.009287152,588,0.28231,0.29368,-0.006000963,979,0.67109,0.64442,0.012183642,-0.008897453
543506,Brandon Maurer,3870,0.10982,0.11453,0.000149186,1221,0.30549,0.30807,0.011936081,1833,0.66339,0.65435,-0.003247121,0.015332388
543507,Trevor May,4436,0.12286,0.11041,0.014361259,1329,0.30926,0.30253,0.007434162,2307,0.67274,0.67196,-0.009839022,0.031634443
543521,Collin McHugh,9954,0.11131,0.1094,0.004146307,3049,0.26238,0.29418,-0.021463332,4850,0.63938,0.65764,-0.023741209,0.006424185
543542,Alex Meyer,1697,0.10077,0.0993,0.005362115,534,0.23034,0.26918,-0.019390427,786,0.57634,0.64999,-0.063154287,0.049125974
543548,Tommy Milone,6163,0.08778,0.11738,-0.026944037,1995,0.27068,0.32641,-0.056009714,2705,0.62884,0.6424,-0.022865691,-0.06008806
543557,Mike Montgomery,8622,0.09395,0.09809,-0.005289049,3317,0.24299,0.26033,-0.016985064,4074,0.6404,0.64005,-0.013085283,-0.00918883
543606,Jake Odorizzi,14343,0.10793,0.11392,-0.002990037,5490,0.32077,0.31615,0.007999652,6729,0.69817,0.68592,0.004973885,3.57E-05
543699,Tanner Roark,13857,0.08848,0.10944,-0.021923237,4709,0.3179,0.29371,0.026595254,6489,0.64232,0.66391,-0.02944992,0.034121937
543726,Robbie Ross Jr.,2220,0.10225,0.09419,0.00852526,960,0.27396,0.25002,0.025228335,1120,0.63839,0.64074,-0.007776043,0.041529638
543734,Chris Rusin,5584,0.0976,0.09182,0.005452706,2042,0.2762,0.26226,0.016853596,2744,0.67092,0.64161,0.019742294,0.002564007
543746,Rob Scahill,1531,0.09275,0.0887,0.001508391,463,0.33045,0.24863,0.062408966,725,0.68414,0.6377,0.023292523,0.040624834
543766,Bryan Shaw,5764,0.11312,0.09266,0.021685112,1605,0.2486,0.29206,-0.035155982,2852,0.70652,0.65619,0.034437291,-0.047908162
543779,Kevin Siegrist,3068,0.1043,0.0969,0.008009431,1311,0.19756,0.27319,-0.06835925,1529,0.64617,0.69218,-0.053882455,-0.006467363
543859,Michael Tonkin,2097,0.10348,0.09845,0.006457944,627,0.29825,0.27244,0.017514781,1073,0.65797,0.67776,-0.025960846,0.049933572
543883,Nick Vincent,3953,0.11358,0.09564,0.018870682,1327,0.34966,0.32335,0.031828188,2009,0.72424,0.65588,0.052537082,-0.001838212
543901,Ryan Weber,1845,0.05637,0.10155,-0.038524601,541,0.25878,0.30629,-0.026446507,954,0.61216,0.6539,-0.035398503,-0.029572605
543935,Alex Wilson,4420,0.08303,0.11298,-0.026735383,1235,0.31174,0.29063,0.024642064,2030,0.69015,0.63214,0.041273561,-0.04336688
543964,Tony Zych,1164,0.10997,0.0999,0.011653579,313,0.25879,0.2509,0.005754899,596,0.58557,0.64735,-0.057269235,0.074677714
544150,Albert Suarez,1934,0.09152,0.1067,-0.015523843,598,0.25753,0.27422,-0.007797368,918,0.65577,0.64902,0.003090114,-0.026411326
544365,Manny Banuelos,1397,0.08733,0.09896,-0.009038005,642,0.22586,0.24742,-0.011389748,629,0.66137,0.63747,0.010070443,-0.030498196
544727,Jeurys Familia,5321,0.137,0.09209,0.044195434,1890,0.3291,0.27072,0.053236878,2483,0.63834,0.65355,-0.028984914,0.126417225
544836,Enny Romero,2672,0.12013,0.09263,0.027455532,1022,0.28376,0.26654,0.017025216,1372,0.68222,0.67099,0.004793448,0.0396873
544928,Tyler Lyons,3047,0.10371,0.10321,-0.001593105,1207,0.28832,0.27727,0.011218612,1617,0.57761,0.629,-0.059793301,0.069418808
544931,Stephen Strasburg,12831,0.1222,0.11521,0.005215577,4096,0.34277,0.33577,0.007745716,6465,0.63975,0.66727,-0.036443612,0.049404905
544993,Steve Geltz,1631,0.09871,0.09602,0.006980203,593,0.29005,0.27045,0.024155933,806,0.68983,0.67023,0.008827033,0.022309103
545064,Jairo Diaz,1329,0.12491,0.11316,0.01241944,358,0.27654,0.28605,0.003225779,654,0.70489,0.64196,0.034802998,-0.019157779
545332,Jake Barrett,1684,0.11639,0.10271,0.012057524,500,0.216,0.27344,-0.04131036,764,0.68717,0.63764,0.025557017,-0.054809853
545333,Trevor Bauer,15675,0.10711,0.10592,0.002688759,4000,0.25675,0.2889,-0.026817089,7610,0.63706,0.65793,-0.032209813,0.008081483
545363,Jacob Turner,1310,0.06412,0.09357,-0.023765457,363,0.32231,0.29321,0.029597424,656,0.68902,0.63801,0.029040093,-0.023208126
547179,Michael Lorenzen,6970,0.09785,0.09646,-0.000510819,2113,0.29768,0.28447,0.013108055,3364,0.6626,0.64102,0.006682645,0.00591459
547749,Junichi Tazawa,3422,0.10432,0.11181,-0.006420454,1125,0.33689,0.30507,0.029528724,1672,0.6866,0.66209,0.011028053,0.012080217
547874,Hisashi Iwakuma,5291,0.08807,0.10905,-0.015069021,1533,0.35943,0.32691,0.03169413,2722,0.64475,0.6288,0.005481204,0.011143905
547888,Masahiro Tanaka,13245,0.1245,0.13161,-0.005253433,3732,0.36495,0.34558,0.026083786,6162,0.67916,0.64106,0.02898717,-0.008156817
547943,Hyun-Jin Ryu,5981,0.11336,0.10733,0.002635321,2076,0.24759,0.28931,-0.039528806,2812,0.65256,0.65832,-0.020968917,-0.015924568
547973,Aroldis Chapman,5120,0.16113,0.0959,0.064300142,2260,0.32699,0.27037,0.052966965,2573,0.6471,0.67297,-0.037272739,0.154539846
548337,Logan Verrett,2407,0.09763,0.10865,-0.011015647,727,0.33287,0.28756,0.037464587,1164,0.65378,0.64058,0.001831728,0.024617212
548357,Christian Bergman,2529,0.07592,0.10715,-0.029582515,815,0.31779,0.3041,0.012216905,1329,0.69375,0.65331,0.02889706,-0.04626267
548389,Ross Stripling,6275,0.1039,0.12454,-0.022135005,1908,0.2935,0.30134,0.00014825,3087,0.64496,0.63007,0.002310221,-0.024296976
552640,Andrew Kittredge,1713,0.13427,0.12368,0.010559067,434,0.31106,0.29024,0.018341906,825,0.65939,0.64162,0.00413485,0.024766123
553878,Felipe Vazquez,5523,0.14177,0.09852,0.041181161,1964,0.2831,0.29055,-0.006113638,3005,0.68286,0.69012,-0.019818956,0.054886478
554234,Williams Perez,2678,0.05975,0.08692,-0.026651978,948,0.29114,0.26723,0.025704302,1263,0.6342,0.66298,-0.028711036,0.02776336
554340,Yimi Garcia,2454,0.12592,0.10844,0.016774201,784,0.29082,0.31011,-0.009904215,1278,0.72066,0.66795,0.030912341,-0.024042354
554430,Zack Wheeler,7703,0.10269,0.11048,-0.009503819,2220,0.34324,0.33485,0.015966913,3930,0.67888,0.66797,0.005488858,0.000974236
570240,Felix Pena,3758,0.11948,0.10828,0.011300022,1134,0.29277,0.2924,0.01624804,1779,0.63575,0.64399,-0.016321303,0.043869364
570632,Jose Urena,9337,0.08686,0.09809,-0.01413513,3759,0.32695,0.28889,0.038882384,4032,0.68056,0.6505,0.016625167,0.008122087
570649,Yordano Ventura,5641,0.09803,0.10035,0.001725661,1753,0.27838,0.27017,0.012815124,2754,0.63181,0.64823,-0.022950005,0.03749079
570663,Hansel Robles,5575,0.11175,0.09835,0.011731348,1719,0.29552,0.28358,0.015773927,2831,0.69304,0.67244,0.009565881,0.017939394
570666,Luis Cessa,3796,0.11697,0.12731,-0.00957146,1070,0.26168,0.31285,-0.04077408,1753,0.6526,0.63895,0.0037923,-0.054137839
571476,Chris Beck,2292,0.08595,0.10305,-0.015227046,846,0.28132,0.29131,-0.005005709,1073,0.68686,0.65051,0.026388748,-0.046621503
571510,Matthew Boyd,10884,0.10943,0.11163,-0.001168797,4111,0.29068,0.29734,-0.005218033,5502,0.67612,0.65998,0.003579285,-0.009966115
571527,David Buchanan,1270,0.07323,0.09394,-0.010814445,404,0.29208,0.29324,0.005775021,623,0.67576,0.6546,0.018794693,-0.023834117
571561,Tony Cingrani,2957,0.116,0.09149,0.021729262,1245,0.26426,0.2689,-0.002307527,1461,0.6694,0.67659,-0.019007584,0.038429319
571578,Patrick Corbin,13287,0.12787,0.11629,0.007003521,5315,0.33866,0.30506,0.028249366,5813,0.65474,0.6304,0.011908582,0.023344305
571656,Buck Farmer,4540,0.10815,0.11252,-0.00091418,1632,0.2788,0.32051,-0.026898714,2068,0.65812,0.66161,-0.009351659,-0.018461236
571666,Mike Fiers,13783,0.08873,0.10867,-0.015986946,4605,0.31748,0.29865,0.024585781,6907,0.65296,0.66473,-0.019657776,0.028256611
571670,Dylan Floro,2166,0.11173,0.09929,0.009795516,679,0.33579,0.30051,0.034725847,1056,0.66951,0.64419,0.008867104,0.035654259
571704,Ken Giles,5015,0.17029,0.11627,0.054323511,1429,0.28202,0.28362,0.00397049,2498,0.69055,0.65452,0.02296998,0.035324022
571710,Mychal Givens,5613,0.13273,0.099,0.033961349,1713,0.27612,0.31025,-0.024937419,2901,0.69459,0.69006,-0.003755208,0.012779138
571735,David Hale,2238,0.09741,0.10976,-0.011271238,744,0.37231,0.3038,0.063578121,1034,0.69439,0.66931,0.012789618,0.039517266
571760,Andrew Heaney,6770,0.11595,0.11589,0.000522405,2586,0.28074,0.3261,-0.041103901,3338,0.66537,0.66925,-0.011782787,-0.028798709
571787,David Holmberg,1597,0.06074,0.10299,-0.03566197,682,0.18622,0.25875,-0.057707738,750,0.61733,0.64917,-0.029863096,-0.063506613
571800,Drew Hutchison,3751,0.09571,0.11126,-0.011244869,1233,0.34712,0.30001,0.048356456,1790,0.65754,0.65155,0.001475044,0.035636543
571863,Matt Koch,1922,0.06712,0.0984,-0.029298938,524,0.26336,0.33496,-0.045364591,971,0.68074,0.65068,0.025129648,-0.099793176
571871,Ian Krol,2305,0.10195,0.10031,0.001799122,1010,0.30396,0.26214,0.040580935,1113,0.65499,0.64477,-0.000947365,0.043327423
571882,Derek Law,2900,0.10862,0.11366,-0.004987204,764,0.2199,0.28279,-0.043919935,1377,0.62309,0.64147,-0.024723192,-0.024183947
571893,Adam Liberatore,1498,0.10013,0.09295,0.008722074,640,0.22188,0.24599,-0.015180966,738,0.66531,0.66744,-0.005587571,-0.00087132
571901,Aaron Loup,2866,0.09874,0.0863,0.01324792,967,0.23785,0.25964,-0.014655246,1423,0.61701,0.66125,-0.049608631,0.048201304
571927,Steven Matz,9094,0.09149,0.10274,-0.013381112,3803,0.22614,0.28251,-0.056038569,4848,0.62954,0.67065,-0.047475462,-0.021944219
571945,Miles Mikolas,5713,0.09662,0.11338,-0.018965156,1519,0.34562,0.32155,0.02682799,2944,0.66882,0.6456,0.007259605,0.000603229
571946,Shelby Miller,6540,0.0844,0.08972,-0.003841457,2117,0.3009,0.29073,0.012698053,3397,0.67412,0.66389,0.003014776,0.005841821
571951,Bryan Mitchell,2872,0.06859,0.09077,-0.019698508,886,0.26072,0.26072,0.009471456,1407,0.65956,0.64607,0.002786466,-0.013013518
572020,James Paxton,10568,0.12755,0.09736,0.031377896,4213,0.28816,0.29098,-0.004317695,5478,0.68036,0.66293,0.005301052,0.021759149
572021,James Pazos,2113,0.1098,0.09218,0.01574834,782,0.25448,0.27842,-0.017558278,1140,0.6886,0.66113,0.012733746,-0.014543684
572070,Garrett Richards,5851,0.11314,0.10657,0.008556803,1738,0.26928,0.27261,0.000289348,2862,0.62718,0.63646,-0.017097593,0.025943743
572096,Trevor Rosenthal,3483,0.12719,0.09568,0.028798366,1113,0.27044,0.2893,-0.014313828,1778,0.71035,0.69619,-0.004485616,0.018970154
572102,Keyvius Sampson,1838,0.09358,0.10314,-0.011156686,585,0.24786,0.27688,-0.017692375,833,0.66867,0.6528,0.006742371,-0.035591432
572140,Tyler Skaggs,5659,0.09295,0.10992,-0.015664858,2257,0.27692,0.30485,-0.026424782,2794,0.63243,0.65771,-0.033888516,-0.008201124
572143,Burch Smith,1922,0.10406,0.10316,0.000526189,677,0.25997,0.30257,-0.031720525,954,0.68449,0.68201,-0.010141139,-0.021053198
572193,Ryan Tepera,3567,0.13064,0.07289,0.054850688,1080,0.325,0.27155,0.04711842,1573,0.71011,0.64277,0.045917486,0.056051623
572362,Robbie Erlin,2999,0.09603,0.10496,-0.013588742,1089,0.25712,0.29209,-0.032866731,1497,0.67268,0.64862,0.011309158,-0.057764631
572403,Drew VerHagen,3192,0.09461,0.10458,-0.009823023,833,0.28812,0.26906,0.021468812,1612,0.616,0.63901,-0.034094689,0.045740478
572750,Eddie Butler,4093,0.07036,0.0984,-0.027872876,1344,0.29762,0.28659,0.016385099,1939,0.6787,0.63866,0.027157918,-0.038645695
572788,Tyler Cravy,1251,0.08633,0.10454,-0.015644808,440,0.26591,0.26948,0.006595485,557,0.63375,0.64638,-0.018206939,0.009157615
572888,Shane Greene,5555,0.09415,0.09568,0.000962113,1557,0.2569,0.27412,-0.006128595,2802,0.62848,0.65125,-0.03207732,0.026910839
572971,Dallas Keuchel,13650,0.0956,0.09706,-0.000303114,4649,0.31082,0.29062,0.015674184,5770,0.63536,0.61177,0.013409041,0.001962029
573046,Mike Morin,2583,0.13008,0.11049,0.017791467,842,0.32185,0.29223,0.030880941,1311,0.67811,0.65833,0.009688342,0.038984065
573064,Vidal Nuno III,3206,0.09763,0.11415,-0.014800091,1262,0.32409,0.29514,0.024963077,1606,0.66376,0.6257,0.024731936,-0.014568951
573109,AJ Ramos,3837,0.1324,0.11317,0.018815362,1255,0.26215,0.27473,-0.006235335,1722,0.60976,0.6505,-0.04847611,0.061056137
573124,Taylor Rogers,3921,0.09768,0.09765,0.000339015,1556,0.27378,0.28452,-0.007992268,2073,0.59575,0.64841,-0.063793212,0.056139959
573127,Zac Rosscup,1304,0.15567,0.1133,0.038388374,706,0.32861,0.27251,0.05454906,515,0.66214,0.64607,0.00079359,0.092143843
573185,Dan Straily,9576,0.10505,0.11171,-0.006893271,3168,0.24716,0.29229,-0.033331171,4684,0.6819,0.66258,0.010482422,-0.050706864
573186,Marcus Stroman,11344,0.09582,0.0987,-0.00144382,3013,0.24029,0.29167,-0.042571246,5412,0.64745,0.63513,0.001018701,-0.045033766
573589,Michael Ynoa,1135,0.08811,0.0962,-0.002749633,404,0.26238,0.25285,0.009545639,500,0.662,0.63633,0.01542162,-0.008625615
573668,Juan Minaya,2474,0.11075,0.10378,0.009147021,746,0.29223,0.30444,-0.008649513,1197,0.68338,0.66593,0.005748538,-0.005251031
579328,Yusei Kikuchi,2639,0.08753,0.11245,-0.021887873,933,0.28081,0.30605,-0.016706478,1372,0.66399,0.63648,0.013950496,-0.052544847
580792,Nick Goody,2496,0.15184,0.12098,0.027206804,555,0.28649,0.28086,-0.00117597,1204,0.70515,0.66184,0.029465867,-0.003435032
584171,Hector Velazquez,2789,0.08498,0.11355,-0.025478099,921,0.30945,0.33453,-0.011907495,1337,0.70456,0.66725,0.020384675,-0.057770269
591693,Edubray Ramos,2643,0.10783,0.11648,-0.006641114,709,0.21298,0.27417,-0.046126262,1355,0.6155,0.64743,-0.039253097,-0.013514279
592102,Cody Allen,5292,0.13303,0.10982,0.023674286,1379,0.26106,0.2695,-0.007641545,2469,0.62454,0.66537,-0.050059728,0.066092469
592130,Danny Barnes,2166,0.10942,0.10163,0.008869906,797,0.27353,0.29663,-0.015100874,1027,0.71081,0.69106,0.006596388,-0.012827356
592135,Cam Bedrosian,4252,0.10183,0.11515,-0.009414579,1229,0.22701,0.28089,-0.038253893,2066,0.60745,0.63876,-0.033761839,-0.013906633
592145,Jesse Biddle,1661,0.09633,0.09709,-0.000263373,751,0.21305,0.25282,-0.022465444,833,0.62425,0.65157,-0.030687389,0.007958573
592169,Austin Brice,2082,0.10711,0.09293,0.012706994,571,0.32925,0.28818,0.036725328,1036,0.64961,0.63864,-0.003659141,0.053091464
592170,Parker Bridwell,1847,0.09637,0.0942,0.001838284,556,0.27158,0.29997,-0.015040653,901,0.6859,0.62661,0.039062409,-0.052264777
592222,Alex Claudio,4318,0.10653,0.1059,0.005089175,1058,0.26843,0.29445,-0.011990581,2074,0.63742,0.63593,-0.006152364,-0.000749042
592229,Dylan Covey,4367,0.06938,0.09788,-0.023324078,1253,0.27135,0.28283,-0.003323206,2217,0.64682,0.64429,-0.00766707,-0.018980214
592314,Mike Foltynewicz,11177,0.09895,0.10733,-0.010331177,3374,0.28957,0.29628,-0.000741299,5638,0.65449,0.66259,-0.01298335,0.001910873
592332,Kevin Gausman,12880,0.11568,0.109,0.011511865,4852,0.37943,0.33412,0.053068537,5995,0.67723,0.67479,-0.004126058,0.06870646
592340,Erik Goeddel,2368,0.13894,0.11476,0.019706637,753,0.27623,0.3008,-0.019815139,1155,0.67706,0.66311,0.000876146,-0.000984648
592346,Chi Chi Gonzalez,2494,0.07418,0.09368,-0.012487499,718,0.23259,0.28853,-0.037172102,1170,0.66496,0.64629,0.014839619,-0.064499221
592351,Jon Gray,10473,0.11439,0.11275,0.001009007,2623,0.22112,0.30092,-0.06506826,5379,0.64863,0.64387,-0.001850619,-0.062208633
592390,Heath Hembree,4347,0.12353,0.10882,0.014387278,1215,0.26667,0.27128,-0.000798439,2180,0.69908,0.65958,0.026612321,-0.013023482
592426,Luke Jackson,3251,0.12673,0.12545,-0.000385718,961,0.33611,0.31068,0.02602119,1483,0.68442,0.62532,0.039947677,-0.014312206
592454,Tommy Kahnle,3782,0.15256,0.11111,0.039490525,1196,0.31689,0.31854,-0.000345999,1874,0.68677,0.69797,-0.021624249,0.060768775
592468,Nick Kingham,2331,0.09695,0.10464,-0.009914179,739,0.30853,0.32705,-0.006136859,1068,0.68071,0.659,0.01202348,-0.028074518
592473,Adam Kolarek,1470,0.10408,0.08361,0.020240824,323,0.21672,0.26711,-0.029987167,716,0.65223,0.64282,0.00282901,-0.012575353
592593,Justin Nicolino,3112,0.05398,0.09456,-0.039834216,1042,0.2524,0.27514,-0.028576522,1593,0.65348,0.65336,-0.006788029,-0.061622708
592612,Josh Osich,3174,0.12161,0.0859,0.034149868,1275,0.27294,0.24129,0.040516597,1575,0.68825,0.65481,0.018296901,0.056369565
592644,Adam Plutko,2970,0.08316,0.1098,-0.02884528,858,0.29487,0.30969,-0.005697415,1449,0.71567,0.65661,0.039735479,-0.074278174
592662,Robbie Ray,13443,0.12445,0.10958,0.010620497,5658,0.28349,0.28639,-0.005568416,6418,0.634,0.66163,-0.034062782,0.039114863
592665,Addison Reed,4328,0.11299,0.11317,0.000635299,933,0.31618,0.32719,-0.006994146,2355,0.70913,0.66892,0.021977616,-0.028336463
592716,Adrian Sampson,2530,0.09209,0.11398,-0.01773701,793,0.31652,0.31544,0.020401286,1218,0.72085,0.65967,0.047534356,-0.044870079
592717,Aaron Sanchez,9015,0.08264,0.09937,-0.014976002,2851,0.27043,0.28305,-0.007694492,4445,0.62632,0.65151,-0.033375223,0.010704729
592741,Chasen Shreve,3683,0.13087,0.11803,0.013579979,1327,0.28033,0.28039,-0.002585642,1488,0.67809,0.65642,0.008727075,0.002267263
592761,Caleb Smith,4249,0.12215,0.11358,0.004172337,1806,0.27575,0.30281,-0.028534763,2041,0.70603,0.679,0.010669345,-0.035031771
592767,Drew Smyly,6096,0.10925,0.10438,0.00839669,2258,0.29052,0.27817,0.010708813,3034,0.64535,0.65972,-0.020757009,0.039862511
592773,Ryne Stanek,2768,0.15535,0.11182,0.038616285,950,0.29368,0.28329,0.010166663,1255,0.71474,0.67402,0.019275151,0.029507797
592779,Brock Stewart,1852,0.10313,0.10672,-0.003758848,565,0.30973,0.31675,-0.000397741,930,0.70215,0.67712,0.012861722,-0.017018311
592789,Noah Syndergaard,11054,0.13199,0.11474,0.016335614,3442,0.33149,0.32652,0.011054114,5402,0.67179,0.66273,0.00068219,0.026707539
592791,Jameson Taillon,7441,0.09595,0.10853,-0.014449523,2581,0.30298,0.29938,0.01234817,3685,0.66486,0.65135,0.005779879,-0.007881232
592804,Tyler Thornburg,2628,0.10274,0.108,-0.006274572,952,0.31828,0.30702,0.014134229,1267,0.65588,0.6807,-0.038092346,0.045952003
592811,Andrew Triggs,2728,0.10007,0.1017,0.002622166,896,0.26228,0.25559,0.01356624,1202,0.61897,0.63202,-0.017925133,0.034113539
592815,Sam Tuivailala,2135,0.10023,0.10373,-0.004122305,592,0.29223,0.28802,0.00874351,1088,0.63695,0.6502,-0.022459524,0.027080728
592826,Vince Velasquez,8996,0.10983,0.10338,0.005968086,2967,0.29896,0.29463,0.002701022,4541,0.67386,0.66457,-0.001118355,0.009787464
592836,Taijuan Walker,7859,0.09378,0.10512,-0.009428247,2680,0.33433,0.3161,0.025451356,3947,0.64378,0.67436,-0.037874609,0.053897718
592865,Taylor Williams,1329,0.13318,0.10277,0.024386618,372,0.22849,0.29844,-0.047170016,622,0.6881,0.64814,0.018696814,-0.041480211
592866,Trevor Williams,7605,0.08955,0.11197,-0.025323624,2431,0.32209,0.33638,-0.007990781,3678,0.68951,0.65709,0.02387867,-0.057193075
592869,Tyler Wilson,2277,0.06588,0.10112,-0.026520884,761,0.23916,0.25182,8.64E-05,1157,0.64823,0.64598,0.001662838,-0.02809735
592879,Asher Wojciechowski,2968,0.1095,0.11034,0.004422377,897,0.27871,0.30213,-0.001394146,1440,0.67708,0.6641,0.016123202,-0.013094971
593140,Michael Feliz,4284,0.12605,0.10766,0.017858559,1355,0.27897,0.31745,-0.02769313,2099,0.66794,0.67721,-0.017760304,0.007925733
593144,Richard Rodriguez,2486,0.11826,0.10481,0.011656155,789,0.35234,0.34654,0.013461329,1272,0.67767,0.69092,-0.021523613,0.046641096
593334,Domingo German,3769,0.13638,0.11553,0.021164478,1156,0.32526,0.31149,0.02112619,1792,0.65402,0.65688,-0.015158209,0.057448876
593372,Carlos Martinez,11576,0.10504,0.10159,0.001570493,3631,0.29661,0.29284,0.008753939,5817,0.64208,0.65888,-0.02682284,0.037147272
593423,Frankie Montas,3466,0.10791,0.10301,0.00902776,928,0.29095,0.30936,-0.005598045,1750,0.68229,0.65802,0.018171898,-0.014742182
593576,Hector Neris,5324,0.16623,0.11842,0.048278295,1873,0.35985,0.32096,0.041279454,2505,0.68104,0.69929,-0.030327089,0.119884839
593679,Gabriel Ynoa,2772,0.09452,0.10851,-0.011349651,787,0.26557,0.29359,-0.006246856,1359,0.69316,0.65578,0.026898584,-0.04449509
593833,Wander Suero,2059,0.12433,0.09344,0.025212144,646,0.30495,0.31536,-0.007522282,1088,0.71599,0.67569,0.016389314,0.001300548
593958,Eduardo Rodriguez,11968,0.10837,0.10391,0.003664559,4440,0.26306,0.2897,-0.031577199,5481,0.68473,0.67197,-0.000628307,-0.027284334
593974,Wandy Peralta,2730,0.13297,0.11301,0.019842487,1017,0.26057,0.28344,-0.011884807,1296,0.68673,0.64086,0.028931978,-0.020974299
594027,Tayron Guerrero,2093,0.12231,0.09609,0.022759419,632,0.28323,0.29603,-0.003020967,1031,0.72454,0.67939,0.019425844,0.000312609
594577,Mike Mayers,1515,0.10033,0.11144,-0.010826634,416,0.28125,0.31914,-0.023111056,742,0.66846,0.65643,-0.006967591,-0.0269701
594736,Cody Anderson,2452,0.09869,0.09823,0.002325018,761,0.33903,0.29172,0.044337803,1262,0.69731,0.67255,0.013707224,0.032955596
594742,Alec Asher,2020,0.07871,0.09236,-0.010472781,684,0.34357,0.29414,0.047711402,931,0.63265,0.64288,-0.010786753,0.048025374
594760,Aaron Blair,1289,0.10551,0.10045,0.006903006,399,0.2782,0.28208,0.000789532,554,0.70578,0.64737,0.036472212,-0.028779675
594795,Grant Dayton,1103,0.12421,0.10915,0.013187923,479,0.29228,0.30963,-0.002778384,573,0.70681,0.70383,-0.006967821,0.01737736
594798,Jacob deGrom,14915,0.13704,0.11705,0.018930462,4562,0.3356,0.32841,0.012247664,7457,0.69492,0.66609,0.018451265,0.012726861
594835,Marco Gonzales,6447,0.08531,0.10861,-0.020280678,2305,0.26898,0.31171,-0.038877673,3160,0.65253,0.65679,-0.010354126,-0.048804226
594840,Matt Grace,2744,0.07653,0.09393,-0.01532918,941,0.24761,0.27718,-0.02405003,1464,0.64071,0.63166,-0.00489636,-0.034482851
594902,Ben Lively,2001,0.07396,0.10104,-0.023585916,637,0.27316,0.27768,0.002672029,1046,0.63671,0.64584,-0.012355703,-0.008558184
594943,Zach Neal,1193,0.09556,0.08441,0.013949992,326,0.34356,0.33686,0.012440699,594,0.75084,0.6516,0.070988129,-0.044597438
594965,Daniel Ponce de Leon,1442,0.11859,0.09786,0.017906368,579,0.30397,0.29877,0.01180784,682,0.74487,0.71083,0.014373263,0.015340945
594986,Kyle Ryan,2933,0.08694,0.08145,0.00726013,1059,0.26251,0.25839,0.010605243,1411,0.64493,0.64484,-0.009927164,0.027792536
595001,Josh A. Smith,2857,0.09835,0.11475,-0.015067266,772,0.20596,0.277,-0.054467075,1389,0.66667,0.63808,0.020104903,-0.089639243
595014,Blake Treinen,5636,0.13165,0.09602,0.035661828,1619,0.34342,0.26071,0.078217617,2810,0.64021,0.64237,-0.010604596,0.124484041
595032,Chase Whitley,1437,0.12735,0.11305,0.01624837,452,0.35177,0.31515,0.034808889,693,0.68831,0.64684,0.025926541,0.025130719
595191,Jerad Eickhoff,6886,0.09701,0.103,-0.006430968,1960,0.2801,0.25803,0.026470507,3421,0.63256,0.6226,0.005008283,0.015031256
595307,Seth Maness,1699,0.07946,0.10208,-0.019902566,589,0.36163,0.33234,0.027511666,796,0.67588,0.65429,0.007234981,0.000374119
595465,Dan Winkler,1749,0.12807,0.09025,0.032800693,554,0.29422,0.28839,0.00725816,768,0.69141,0.65626,0.01823917,0.021819683
595881,Tyler Beede,2192,0.11223,0.11343,-0.005196776,715,0.27972,0.31723,-0.029399417,1003,0.67198,0.66704,-0.005540002,-0.02905619
595918,A.J. Cole,3120,0.11635,0.12189,-0.007482481,858,0.29604,0.29978,-0.004424555,1492,0.66421,0.65027,-0.000136292,-0.011770744
596001,Jakob Junis,7304,0.0957,0.1037,-0.007728343,2039,0.22756,0.27686,-0.036112114,3639,0.64084,0.6455,-0.014394107,-0.02944635
596043,Daniel Mengden,4891,0.07953,0.10575,-0.022209259,1399,0.25876,0.29884,-0.025659276,2520,0.64484,0.65913,-0.016878369,-0.030990166
596057,Daniel Norris,7313,0.099,0.11173,-0.011605293,3048,0.24213,0.28214,-0.038547627,3699,0.6445,0.65697,-0.025019092,-0.025133828
596064,Henry Owens,1534,0.11799,0.10243,0.015712857,636,0.21069,0.22888,-0.01382757,668,0.67814,0.66331,0.002024086,-0.000138799
596071,Dillon Peters,2294,0.09067,0.11692,-0.025369607,860,0.22209,0.29226,-0.060509417,1146,0.66143,0.64024,0.005625584,-0.091504607
596112,Robert Stephenson,3467,0.13845,0.11362,0.022606467,1102,0.25862,0.28066,-0.015730837,1592,0.68153,0.65473,0.010514648,-0.003639019
596133,Luke Weaver,5143,0.09858,0.11063,-0.015228094,1798,0.27531,0.32334,-0.038854747,2559,0.67917,0.68136,-0.015236271,-0.03884657
596271,Casey Lawrence,1379,0.1095,0.11861,-0.006625649,460,0.27391,0.31054,-0.018789284,629,0.69634,0.63972,0.034384201,-0.059799134
596295,Austin Gomber,1226,0.09299,0.09892,-0.004826666,504,0.23611,0.24721,-0.009731204,630,0.65714,0.64162,0.001415769,-0.01597364
596720,Dovydas Neverauskas,1198,0.10184,0.09595,0.005510388,326,0.19325,0.3038,-0.069017298,612,0.66667,0.67103,-0.010585585,-0.052921325
598264,Matt Barnes,5852,0.12509,0.11208,0.013065261,2018,0.29187,0.25823,0.027575317,2670,0.62322,0.65406,-0.040223007,0.080863585
598271,Brian Johnson,3052,0.08486,0.11697,-0.028554281,1294,0.2558,0.26588,-0.007768085,1438,0.61961,0.63481,-0.024545892,-0.011776474
598286,Nick Ramirez,1349,0.12602,0.09983,0.021177968,555,0.23423,0.2619,-0.009957305,530,0.69434,0.639,0.031456066,-0.020235403
598287,Noe Ramirez,3258,0.124,0.12067,0.003385664,852,0.28873,0.33495,-0.030514263,1568,0.62564,0.66623,-0.043496739,0.01636814
599683,Warwick Saupold,1896,0.07489,0.11141,-0.032729307,548,0.26277,0.27234,-0.003957017,864,0.69792,0.62996,0.04179702,-0.078483344
600526,Jose Torres,1216,0.10609,0.09173,0.011746136,574,0.24913,0.26731,-0.010910463,619,0.72859,0.69098,0.018190715,-0.017355041
600917,Jose Leclerc,3470,0.14928,0.11421,0.037621132,1056,0.25947,0.28357,-0.008095726,1572,0.64949,0.65651,-0.010928611,0.040454016
600968,Randy Rosario,1111,0.09271,0.09347,-0.001952959,464,0.25216,0.25738,0.000701151,543,0.67956,0.63725,0.015071299,-0.016323107
601713,Nick Pivetta,6820,0.10367,0.10676,-0.003403428,2074,0.2811,0.29123,-0.002579633,3448,0.65052,0.65977,-0.018578739,0.012595678
605121,Justin Anderson,1988,0.13129,0.1192,0.011782814,621,0.20129,0.27354,-0.051626708,866,0.62818,0.64194,-0.02075023,-0.019093664
605135,Chris Bassitt,5155,0.08477,0.09298,-0.0062086,1603,0.29632,0.29848,0.003847893,2711,0.63482,0.66815,-0.039498322,0.037137615
605151,Archie Bradley,7017,0.08836,0.09694,-0.008585602,2626,0.28446,0.30313,-0.012096305,3468,0.63697,0.66198,-0.037637299,0.016955393
605154,John Brebbia,2852,0.12938,0.11631,0.009793572,868,0.27995,0.32698,-0.035337235,1468,0.66826,0.64991,-0.000503662,-0.025040001
605155,Colten Brewer,1228,0.10831,0.10729,-0.001245528,394,0.17513,0.23973,-0.047426407,559,0.60107,0.62118,-0.022474676,-0.026197258
605156,Aaron Brooks,2768,0.07731,0.11023,-0.027957125,866,0.29792,0.32798,-0.011781426,1341,0.67412,0.65396,0.011199048,-0.050937599
605164,Dylan Bundy,10277,0.11939,0.11342,0.009437148,3343,0.30631,0.30336,0.013076316,5123,0.67734,0.67471,-0.005140718,0.027654182
605177,Andrew Chafin,4323,0.12029,0.10546,0.013416855,1811,0.2667,0.27112,0.006587645,1956,0.67178,0.64189,0.012862612,0.007141888
605182,Mike Clevinger,8390,0.12598,0.11528,0.010258025,2594,0.28065,0.31881,-0.033633014,3936,0.64202,0.65395,-0.022861208,-0.000513782
605194,Jharel Cotton,2595,0.1025,0.10825,-0.000899791,858,0.26573,0.27704,-0.008257259,1329,0.67946,0.65149,0.012491327,-0.021648377
605195,Kyle Crick,2676,0.11472,0.09577,0.015445133,676,0.3003,0.31622,-0.00868709,1305,0.64904,0.67358,-0.034151675,0.040909719
605200,Zach Davies,9709,0.07838,0.10033,-0.022954041,3188,0.33846,0.32837,0.018830961,4300,0.63302,0.64639,-0.021857629,0.017734548
605218,Carl Edwards Jr.,3152,0.14721,0.10048,0.045123473,913,0.28806,0.28721,-0.000841471,1458,0.64952,0.67058,-0.035096393,0.079378395
605228,Jose Fernandez,3962,0.1426,0.11849,0.023896381,1251,0.28377,0.29613,0.000653069,1947,0.62815,0.67581,-0.055037927,0.079587377
605232,Brandon Finnegan,4193,0.09611,0.0983,-0.004591608,1471,0.25017,0.27612,-0.026284193,2006,0.64656,0.64371,-0.003984967,-0.026890835
605240,Jace Fry,2172,0.14134,0.08363,0.055433787,980,0.27143,0.21011,0.063145702,945,0.5873,0.61907,-0.037816516,0.156396005
605242,Michael Fulmer,7031,0.10183,0.10509,-0.000621084,2166,0.32179,0.29447,0.027338642,3503,0.68627,0.65713,0.013934642,0.012782916
605254,Daniel Gossett,1963,0.08558,0.10732,-0.017249661,573,0.274,0.27798,0.000860599,946,0.6723,0.63898,0.016565144,-0.032954207
605276,David Hess,3198,0.08537,0.11251,-0.025418204,957,0.27795,0.30881,-0.017329461,1549,0.71853,0.65718,0.043141122,-0.085888788
605280,Clay Holmes,1371,0.08315,0.08672,-0.008601386,418,0.18421,0.2352,-0.033708214,616,0.57305,0.63095,-0.052238039,0.00992844
605288,Adrian Houser,2048,0.09717,0.09818,0.000184855,692,0.28902,0.29353,0.004495132,1005,0.65572,0.64816,-0.001009397,0.005689383
605309,Keone Kela,3737,0.12283,0.10936,0.01539768,1328,0.2869,0.26834,0.020781,1870,0.61016,0.66877,-0.06478575,0.100964429
605347,Jorge Lopez,3071,0.08662,0.10887,-0.021085,919,0.3123,0.30202,0.027468701,1467,0.63327,0.64226,-0.014730728,0.021114429
605359,Evan Marshall,1717,0.11182,0.11464,-0.002626424,710,0.37183,0.33344,0.042409784,711,0.67651,0.64431,0.019685334,0.020098026
605388,Adam Morgan,5547,0.12006,0.10925,0.010833969,2101,0.30462,0.27188,0.029969704,2637,0.67311,0.64284,0.020294203,0.020509469
605397,Joe Musgrove,7124,0.11552,0.11303,0.001072866,1686,0.29478,0.33666,-0.032118019,3751,0.68089,0.65802,0.014562298,-0.045607451
605400,Aaron Nola,11986,0.10954,0.11777,-0.008230219,3632,0.29818,0.33299,-0.025804424,5929,0.59892,0.65876,-0.063666552,0.029631909
605441,Yacksel Rios,1179,0.12129,0.10046,0.018801479,347,0.29971,0.26882,0.03152939,598,0.7291,0.66855,0.032900858,0.017430011
605446,Dereck Rodriguez,3565,0.0864,0.10268,-0.018112896,1100,0.26364,0.30435,-0.026499097,1754,0.65678,0.67243,-0.023841858,-0.020770134
605452,Joe Ross,5503,0.10921,0.11038,-0.003616001,1742,0.30827,0.28731,0.021041292,2641,0.66073,0.65524,-0.005710775,0.023136066
605476,Carson Smith,1551,0.11799,0.09471,0.023745199,389,0.20308,0.24951,-0.033395442,763,0.55701,0.64118,-0.074562073,0.064911829
605483,Blake Snell,8801,0.13828,0.12493,0.015658795,3560,0.30646,0.30158,0.006631989,3923,0.63395,0.66751,-0.038340823,0.060631607
605488,Jeffrey Springs,1275,0.11843,0.10667,0.010590987,479,0.1858,0.30903,-0.083770247,668,0.65419,0.6885,-0.030504812,-0.042674448
605498,Andrew Suarez,3029,0.07494,0.10689,-0.032543563,1069,0.25912,0.29368,-0.028411768,1500,0.652,0.63356,0.002490258,-0.063445588
605513,Spencer Turnbull,2846,0.10576,0.10578,-8.98E-05,761,0.2523,0.28968,-0.018084662,1336,0.68114,0.6572,0.012290298,-0.03046476
605525,J.B. Wendelken,1006,0.1173,0.10852,0.009190639,330,0.27576,0.32411,-0.031442043,521,0.71017,0.6775,0.020767886,-0.04301929
605538,Matt Wisler,6308,0.09813,0.11125,-0.011936865,1928,0.24118,0.27062,-0.018108657,3032,0.68503,0.64931,0.026989928,-0.05703545
605540,Brandon Woodruff,3383,0.10612,0.10975,-0.001383519,1166,0.30875,0.31053,0.008504842,1717,0.69889,0.69302,-4.71E-06,0.007126034
605541,Mike Wright,4657,0.07967,0.09734,-0.01212351,1407,0.30561,0.28475,0.023582578,2285,0.67527,0.65371,0.011977596,-0.000518527
605894,Severino Gonzalez,1166,0.10292,0.1003,0.002164868,360,0.30556,0.30304,0.006872269,608,0.68586,0.67087,0.005516317,0.00352082
606131,Luis Perdomo,6741,0.08604,0.10077,-0.017129714,2013,0.29459,0.28428,0.011013151,3267,0.64157,0.63585,-0.003393686,-0.002722876
606149,Giovanny Gallegos,1742,0.15212,0.1115,0.031990085,520,0.34808,0.29223,0.04141055,896,0.67522,0.67025,-0.011899006,0.085299641
606160,Rafael Montero,3226,0.10291,0.11941,-0.015384585,1116,0.3414,0.35701,-0.010442158,1444,0.65028,0.66239,-0.016092318,-0.009734425
606162,Yefry Ramirez,1641,0.10664,0.11079,-0.002769938,598,0.29431,0.2967,0.010443228,709,0.69676,0.66036,0.022115243,-0.014441952
606167,Adalberto Mejia,2804,0.10128,0.09971,0.003108475,1053,0.2887,0.28552,0.001198095,1317,0.70008,0.66242,0.021222138,-0.016915569
606273,Roenis Elias,3668,0.09733,0.10252,-0.003750077,1472,0.23709,0.25863,-0.015552226,1775,0.67662,0.66993,0.002152673,-0.021454977
606424,Jarlin Garcia,2718,0.09529,0.10326,-0.009859539,1117,0.21307,0.26978,-0.045395938,1342,0.66915,0.65227,0.001541487,-0.056796964
606625,Reyes Moronta,2360,0.13263,0.10681,0.023114835,575,0.21043,0.3085,-0.066466481,1124,0.60676,0.64978,-0.047406207,0.004054561
606930,Jacob Barnes,3266,0.13656,0.07611,0.058844956,849,0.25795,0.29175,-0.02027494,1458,0.70096,0.64081,0.043014073,-0.004444057
606965,Chris Devenski,4830,0.14369,0.12221,0.022999774,1211,0.33196,0.33122,0.012696969,2369,0.66821,0.6717,-0.009136861,0.044833604
607067,Colin Rea,2240,0.06295,0.08972,-0.023791429,700,0.23714,0.26919,-0.022058744,1093,0.62031,0.64605,-0.027447022,-0.018403152
607074,Carlos Rodon,9038,0.10091,0.10421,-0.001281314,3542,0.26567,0.28777,-0.019854159,4439,0.64722,0.66001,-0.023965627,0.002830154
607188,Jake Faria,3040,0.10822,0.10575,0.001715826,1215,0.23621,0.27016,-0.028730312,1454,0.67263,0.665,-0.005657688,-0.021356798
607192,Tyler Glasnow,4485,0.10903,0.10489,0.002122707,1313,0.24372,0.2878,-0.034330233,2244,0.62077,0.6607,-0.046536609,0.014329083
607200,Erick Fedde,2580,0.07636,0.0952,-0.022980496,863,0.22596,0.31176,-0.069248198,1156,0.62889,0.63688,-0.015633613,-0.07659508
607215,Eric Skoglund,1852,0.06803,0.10119,-0.030987767,705,0.25106,0.27531,-0.029840895,951,0.69401,0.65666,0.01565999,-0.076488652
607219,Sal Romano,4281,0.08222,0.10658,-0.025118721,1327,0.26978,0.29548,-0.019503039,2167,0.64098,0.65779,-0.026949215,-0.017672545
607229,Robert Gsellman,5188,0.09021,0.10044,-0.012265523,1667,0.30114,0.27225,0.025606242,2516,0.68283,0.64802,0.01683779,-0.003497071
607231,John Gant,4252,0.11242,0.10758,0.004151275,1427,0.29152,0.3283,-0.029223605,2100,0.66762,0.67647,-0.018962978,-0.006109352
607237,Amir Garrett,3184,0.12626,0.10603,0.019037055,1300,0.26692,0.28637,-0.013329272,1521,0.65812,0.63833,0.007573541,-0.001865758
607259,Nick Martinez,4636,0.06795,0.09616,-0.019201991,1801,0.33426,0.272,0.064244784,2130,0.61643,0.62946,-0.018072756,0.063115548
607352,Joe Biagini,5432,0.09849,0.09639,0.002733767,1648,0.34951,0.29665,0.051110316,2550,0.65373,0.64038,0.002483413,0.051360669
607374,Nick Tropeano,3228,0.11927,0.10953,0.010643809,941,0.25186,0.28657,-0.02586841,1458,0.65912,0.6654,-0.015744713,0.000520111
607457,Kyle Barraclough,4836,0.12945,0.10523,0.023235067,1388,0.18084,0.27421,-0.083093796,2278,0.62687,0.66398,-0.050612362,-0.009246367
607473,Chasen Bradford,1641,0.11152,0.10927,0.004124364,458,0.29258,0.29236,0.011789463,832,0.7524,0.65172,0.074200997,-0.05828717
607481,Aaron Bummer,2103,0.10984,0.08091,0.027683848,800,0.245,0.24121,0.011798426,1049,0.64156,0.65132,-0.020133588,0.059615863
607536,Kyle Freeland,7513,0.08598,0.10543,-0.020770739,2916,0.27641,0.29682,-0.01547328,3475,0.67482,0.63969,0.02362276,-0.059866779
607625,Seth Lugo,5478,0.09821,0.10434,-0.006735788,1764,0.26587,0.28763,-0.016631662,2812,0.6522,0.65563,-0.015276776,-0.008090673
607644,John Means,2723,0.09916,0.1099,-0.01098679,1168,0.2637,0.28947,-0.023954574,1249,0.71497,0.66662,0.032621041,-0.067562406
608032,Carlos Estevez,2883,0.12383,0.10006,0.024491175,840,0.25476,0.29676,-0.034544132,1554,0.69627,0.6711,0.010871474,-0.020924431
608331,Max Fried,3638,0.1138,0.10513,0.004168004,1510,0.26093,0.28146,-0.025786706,1738,0.6496,0.64836,-0.013247285,-0.008371417
608334,Carson Fulmer,1890,0.08783,0.08969,-0.002179999,496,0.26411,0.31162,-0.037258291,901,0.66593,0.65458,-0.005197639,-0.034240651
608337,Lucas Giolito,6789,0.11033,0.10673,0.004520224,2092,0.30545,0.28832,0.019790669,3455,0.65702,0.67118,-0.024572938,0.048883831
608349,Corey Knebel,3964,0.1221,0.09907,0.02351974,1257,0.29276,0.28262,0.012868071,1996,0.63026,0.66718,-0.04990636,0.086294171
608371,Lucas Sims,2051,0.1097,0.10445,0.005019342,752,0.27394,0.27241,0.00388248,912,0.63158,0.63582,-0.010083977,0.018985799
608379,Michael Wacha,11493,0.0938,0.09897,-0.008555283,3657,0.29779,0.30526,-0.008134534,5821,0.68425,0.66345,0.010020048,-0.026709865
608566,German Marquez,8887,0.11534,0.10667,0.006516576,2195,0.241,0.28894,-0.032247509,4764,0.65974,0.65883,-0.006043857,-0.019687076
608638,JT Chargois,1192,0.12668,0.10086,0.020534084,307,0.2443,0.25042,-0.002208454,596,0.63423,0.63414,-0.012477774,0.030803403
608648,Tyler Duffey,5847,0.10501,0.11357,-0.005400589,1578,0.29848,0.29199,0.006427942,2875,0.6553,0.64951,-0.007888319,0.008915672
608652,Luke Farrell,1102,0.09891,0.10612,-0.005625475,387,0.24806,0.26841,-0.002271901,542,0.63838,0.64697,-0.01006915,0.002171773
608665,Kendall Graveman,7015,0.07455,0.07962,-0.001912901,2109,0.2807,0.28404,0.004295291,3303,0.62882,0.62503,-0.004734967,0.007117357
608678,Dominic Leone,3031,0.13659,0.08735,0.045482196,832,0.3113,0.29532,0.023195109,1342,0.69449,0.63489,0.039572068,0.029105237
608716,Drew Steckenrider,2193,0.11719,0.10686,0.009558236,706,0.27337,0.33302,-0.042144927,1112,0.69874,0.69217,-0.00838665,-0.024200042
608717,Chris Stratton,4896,0.0913,0.1135,-0.025284097,1554,0.23938,0.30721,-0.050557674,2420,0.67107,0.65931,0.005030793,-0.080872563
608718,Brent Suter,3569,0.09639,0.1088,-0.013360582,1339,0.31367,0.30776,0.002089117,1822,0.65477,0.67442,-0.026685722,0.015414257
611093,Silvino Bracho,1547,0.13445,0.11237,0.016196525,515,0.32816,0.33048,0.003858445,809,0.70087,0.68965,-0.00475187,0.024806841
612434,Miguel Castro,4371,0.10524,0.09492,0.011295777,1266,0.31122,0.27917,0.036713834,2046,0.64907,0.64149,-0.002154645,0.050164257
612672,Wei-Yin Chen,8768,0.08793,0.10742,-0.020188384,3310,0.29426,0.30839,-0.013241384,4509,0.68219,0.65817,0.013899622,-0.04732939
615698,Cal Quantrill,1663,0.10162,0.11091,-0.011774146,671,0.30104,0.30181,0.008446549,723,0.70816,0.66985,0.021573942,-0.024901539
621056,Hunter Wood,1521,0.12558,0.10866,0.010284192,441,0.31066,0.25622,0.036659615,737,0.66893,0.64469,0.00687484,0.040068967
621097,Jacob Waguespack,1411,0.09426,0.09942,-0.004133427,543,0.30203,0.29613,0.021246051,670,0.70149,0.66594,0.020399399,-0.003286774
621107,Zach Eflin,6623,0.08712,0.10668,-0.019788256,2185,0.31533,0.31943,0.003303608,3356,0.66687,0.64576,0.010045551,-0.026530199
621111,Walker Buehler,5062,0.11695,0.10562,0.008538264,1366,0.32577,0.3132,0.016221136,2668,0.66042,0.66435,-0.018182355,0.042941755
621112,Paul Blackburn,1500,0.07267,0.11089,-0.032299897,507,0.286,0.28516,-0.000314012,655,0.70229,0.63843,0.03381654,-0.066430449
621121,Lance McCullers Jr.,7292,0.12205,0.12288,0.003708394,2070,0.24203,0.28792,-0.040713642,3424,0.62296,0.64796,-0.030754091,-0.006251157
621142,Ty Buttrey,1647,0.12933,0.11896,0.011280718,525,0.31048,0.34837,-0.015243753,831,0.64741,0.67903,-0.029597462,0.025634427
621199,Matt Bowman,3119,0.09105,0.09784,-0.008584862,1109,0.34716,0.30951,0.03929904,1428,0.62605,0.63806,-0.019991437,0.050705615
621237,Jose Alvarado,2180,0.12202,0.08596,0.033514414,901,0.24417,0.25455,-0.002865603,1057,0.58562,0.65096,-0.062718655,0.093367466
621242,Edwin Diaz,4330,0.17667,0.10585,0.068345121,1285,0.31206,0.29894,0.015009607,2154,0.70149,0.67166,0.013950901,0.069403827
621244,Jose Berrios,9468,0.10234,0.10902,-0.006778554,3068,0.32757,0.30815,0.0238536,4574,0.64451,0.65417,-0.021719369,0.038794416
621261,Corey Oswalt,1189,0.06981,0.10424,-0.030687802,400,0.2825,0.28926,-0.003684583,580,0.70345,0.65901,0.026476608,-0.060848994
621295,Nick Wittgren,3277,0.08758,0.10106,-0.014882523,974,0.29774,0.32744,-0.019811451,1717,0.67909,0.67819,-0.012533934,-0.02216004
621345,A.J. Minter,1968,0.14837,0.07998,0.061678805,871,0.31688,0.25436,0.055970228,962,0.70686,0.67549,0.015547656,0.102101377
621366,Ryan Borucki,1761,0.07893,0.10303,-0.021107294,630,0.20476,0.26299,-0.051004126,830,0.66145,0.67029,-0.015815245,-0.056296175
621381,Matt Strahm,3894,0.11376,0.10487,0.008577248,1614,0.26208,0.30533,-0.034712807,2115,0.65579,0.66051,-0.016704416,-0.009431143
621385,Daniel Stumpf,2050,0.09659,0.10771,-0.008698208,928,0.24784,0.30413,-0.039323618,981,0.66361,0.65204,-0.001848701,-0.046173125
621389,Ty Blach,5099,0.0659,0.1035,-0.040200213,1803,0.20632,0.28524,-0.072592348,2591,0.64222,0.6504,-0.020517029,-0.092275532
621397,Tyler Olson,1589,0.11265,0.10521,0.007225135,588,0.28741,0.27983,0.009319175,785,0.63694,0.64364,-0.016017728,0.032562038
622065,Alex Young,1395,0.12688,0.11427,0.008267291,539,0.27273,0.29006,-0.010886758,608,0.67105,0.65317,0.006168391,-0.008787859
622072,Alex Wood,9098,0.09969,0.11453,-0.0171171,3032,0.2777,0.31404,-0.03725675,4357,0.64356,0.63745,-0.001787634,-0.052586216
622097,Jake Thompson,2041,0.07447,0.09696,-0.015701408,625,0.2464,0.27976,-0.021307926,957,0.64263,0.66482,-0.022181517,-0.014827817
622259,Trey Wingenter,1279,0.15715,0.10964,0.041282787,313,0.22684,0.27516,-0.022169689,619,0.67367,0.66215,-0.007170898,0.026283996
622446,Jefry Rodriguez,1700,0.08235,0.09373,-0.016789669,529,0.30246,0.2809,0.013124671,802,0.66584,0.66002,-0.011210784,0.007545787
622491,Luis Castillo,7267,0.14366,0.1157,0.024120953,2311,0.32886,0.35747,-0.016226039,3410,0.67918,0.6745,-0.003178202,0.011073116
622505,Victor Alcantara,1283,0.10444,0.08538,0.014941459,452,0.46018,0.30392,0.128047401,596,0.70134,0.64968,0.029903893,0.113084967
622554,Seranthony Dominguez,1481,0.1499,0.10483,0.038216611,437,0.24943,0.30103,-0.030475197,732,0.66393,0.67397,-0.024071554,0.031812968
622608,Antonio Senzatela,5917,0.07538,0.10167,-0.027887169,1686,0.22657,0.29804,-0.051706616,2946,0.65614,0.65506,-0.007943545,-0.07165024
622663,Luis Severino,8691,0.11805,0.11716,0.003854357,2471,0.27074,0.31294,-0.034078282,4513,0.65876,0.66823,-0.018512384,-0.011711541
622694,Elieser Hernandez,2564,0.10257,0.10553,-0.001469716,777,0.29987,0.31017,0.004130903,1283,0.66251,0.67351,-0.017581724,0.020242912
622766,Miguel Diaz,1202,0.10566,0.10415,-0.000967046,371,0.26954,0.29197,-0.010685449,598,0.66388,0.66657,-0.010845107,-0.000807389
622864,Fernando Romero,1291,0.10922,0.09775,0.011475083,384,0.25521,0.28265,-0.01581148,633,0.68878,0.66593,0.011432563,-0.01576896
623149,Paul Sewald,2573,0.1026,0.11075,-0.00908386,751,0.28096,0.32165,-0.028319653,1357,0.67207,0.69382,-0.028053773,-0.009349741
623167,Chris Flexen,1336,0.0771,0.09917,-0.020472578,490,0.24082,0.27244,-0.018351934,631,0.66719,0.63387,0.024604995,-0.063429507
623184,Scott Oberg,4434,0.11209,0.11452,-0.001577573,1286,0.25661,0.29014,-0.023692583,2222,0.66787,0.66172,-0.004100548,-0.021169608
623352,Josh Hader,3315,0.19789,0.10066,0.092396382,1370,0.33358,0.31395,0.021867044,1736,0.74194,0.69386,0.025823979,0.088439447
623381,Thomas Pannone,1983,0.10388,0.10581,-0.004159112,801,0.25718,0.29712,-0.030410868,946,0.67125,0.66702,-0.009392737,-0.025177244
623395,Brian Ellington,2039,0.11378,0.08743,0.023174523,852,0.28286,0.2625,0.022934107,964,0.74481,0.68791,0.035743967,0.010364662
623430,Ryan Dull,2950,0.12271,0.12054,0.0041676,854,0.2377,0.31731,-0.066043595,1340,0.65149,0.66309,-0.016997054,-0.044878941
623433,Nick Anderson,1123,0.1959,0.12626,0.056672368,315,0.34286,0.35157,0.005047838,609,0.69951,0.68658,-0.003987949,0.065708155
623439,Ryan Garton,1111,0.09901,0.09583,0.006733963,424,0.26179,0.27508,-0.016273865,566,0.67668,0.6773,-0.005328547,-0.004211355
623451,Jackson Stephens,1123,0.1024,0.09649,-0.000299933,341,0.29912,0.27224,0.01141511,552,0.68841,0.65467,0.011239318,-0.000124142
624586,James Hoyt,1382,0.17004,0.13356,0.033723013,357,0.31373,0.32726,-0.001298818,616,0.6461,0.63044,0.005934059,0.026490136
625643,Reynaldo Lopez,7782,0.10075,0.10652,-0.00624202,2593,0.28847,0.30825,-0.017366054,3974,0.6842,0.669,0.001547831,-0.025155904
628317,Kenta Maeda,9515,0.13337,0.11824,0.012940386,2671,0.3055,0.30397,0.012843807,4427,0.66185,0.64403,0.006858837,0.018925357
628333,Odrisamer Despaigne,4656,0.07174,0.09244,-0.017376943,1376,0.25727,0.29791,-0.02842653,2234,0.67278,0.66307,0.003996303,-0.049799777
628452,Raisel Iglesias,6432,0.13355,0.10827,0.025450054,1516,0.35554,0.32088,0.04073321,3251,0.64811,0.66758,-0.029033707,0.095216971
628711,Julio Urias,3270,0.11927,0.10749,0.009226532,1344,0.28497,0.27373,0.010287489,1551,0.67827,0.66361,0.002586855,0.016927165
630023,Yonny Chirinos,3189,0.10913,0.10218,0.006459209,880,0.325,0.29204,0.03610131,1612,0.69913,0.65731,0.027192111,0.015368407
640455,Sean Manaea,7661,0.11056,0.11282,0.002344332,2702,0.29164,0.29997,-0.005455075,3952,0.67991,0.67107,0.000347294,-0.003458037
640463,Braden Shipley,1708,0.07728,0.10852,-0.031300906,611,0.29624,0.30048,-0.005646051,715,0.66434,0.64784,0.007859035,-0.044805991
641154,Pablo Lopez,2647,0.10351,0.10872,-0.006785525,881,0.34279,0.33884,0.013323169,1311,0.66514,0.67831,-0.026622743,0.033160386
641312,Shaun Anderson,1572,0.09288,0.10578,-0.016108287,469,0.258,0.26787,-0.008667572,749,0.72897,0.65119,0.050154893,-0.074930752
641341,Tyler Bashlor,1015,0.11429,0.10359,0.005612786,308,0.2987,0.27356,0.018282119,511,0.7045,0.66712,0.014011687,0.009883219
641438,Shane Carle,1260,0.12143,0.12267,-0.00106207,336,0.31548,0.31715,0.0159429,595,0.73109,0.65275,0.048442943,-0.033562113
641482,Nestor Cortes Jr.,1313,0.10815,0.10648,0.002184328,501,0.25948,0.31007,-0.028135097,636,0.66981,0.65456,0.009528306,-0.035479075
641571,Heath Fillmyer,1793,0.08589,0.10879,-0.018767753,583,0.26758,0.29951,-0.013662456,830,0.65783,0.64625,0.004860937,-0.037291146
641627,Trevor Gott,2241,0.08166,0.08472,-0.003507755,826,0.25303,0.25682,-0.002942776,1077,0.68431,0.67984,-0.008022444,0.001571914
641712,Dakota Hudson,3213,0.09866,0.10116,-0.002181068,944,0.22034,0.26679,-0.031591385,1526,0.64089,0.63443,-0.005949243,-0.02782321
641729,Joe Jimenez,2737,0.13701,0.10924,0.025800649,745,0.35034,0.35102,0.010177083,1396,0.67693,0.68579,-0.015721738,0.05169947
641745,Brad Keller,4830,0.08592,0.11021,-0.025741114,1493,0.30208,0.30545,0.002593789,2279,0.65818,0.65631,-0.010017991,-0.013129334
641771,Chad Kuhl,5248,0.09375,0.09613,-0.004960752,1665,0.25946,0.26407,0.003791991,2583,0.65815,0.65512,-0.003858319,0.002689558
641778,Eric Lauer,4380,0.08584,0.09356,-0.009013792,1816,0.2511,0.28938,-0.032454324,2258,0.67095,0.67064,-0.009824196,-0.031643921
641816,Tyler Mahle,4560,0.09496,0.11548,-0.021131267,1521,0.30375,0.34808,-0.027434598,2293,0.64631,0.6793,-0.035869082,-0.012696784
641835,Tim Mayza,1936,0.14721,0.11568,0.031068391,921,0.34093,0.29299,0.049882584,801,0.69788,0.64884,0.033622009,0.047328967
641838,Kevin McCarthy,2877,0.0942,0.09364,-8.00E-05,885,0.39096,0.31259,0.073364249,1463,0.69036,0.64436,0.025738047,0.047546161
641871,Keynan Middleton,1435,0.14077,0.11066,0.029817977,389,0.28535,0.29548,0.006087923,717,0.72245,0.66157,0.0425682,-0.0066623
641941,Emilio Pagan,2974,0.15367,0.08303,0.066990529,838,0.34845,0.30996,0.037660601,1580,0.73734,0.68957,0.033857007,0.070794124
642003,Cody Reed,2033,0.10625,0.1016,0.00119044,832,0.27284,0.27081,-0.002157217,960,0.64375,0.64552,-0.01425537,0.013288592
642098,Glenn Sparkman,3014,0.07797,0.11293,-0.030959462,930,0.25806,0.33647,-0.051748005,1498,0.70227,0.6614,0.02779057,-0.110498037
642152,Lou Trivino,2128,0.13346,0.07931,0.052120162,608,0.25493,0.28248,-0.014106614,1016,0.69488,0.66401,0.022681501,0.015332046
642231,Jimmy Yacabonis,1838,0.08379,0.10007,-0.016785427,590,0.28644,0.28895,0.011112193,857,0.6231,0.65151,-0.032754732,0.027081498
642232,Ryan Yarbrough,4514,0.09327,0.1098,-0.016150148,1563,0.27767,0.30836,-0.024878909,2238,0.66622,0.68592,-0.030801065,-0.010227992
642397,Gregory Soto,1097,0.07931,0.09703,-0.014774754,416,0.19952,0.26906,-0.042588589,573,0.66841,0.67052,-0.013651614,-0.043711729
642528,Jonathan Loaisiga,1114,0.13734,0.11958,0.017997935,349,0.31519,0.31694,0.015060539,539,0.64564,0.68289,-0.035881162,0.068939636
642545,Jaime Barria,3669,0.09894,0.11609,-0.011415898,1327,0.24416,0.27816,-0.019640355,1690,0.66864,0.64929,0.014600451,-0.045656703
642547,Freddy Peralta,3049,0.12037,0.10094,0.020342716,1106,0.31103,0.31617,-0.001038277,1531,0.66819,0.67937,-0.022471264,0.041775702
642558,Ariel Jurado,2955,0.06261,0.10329,-0.036200795,763,0.28571,0.31746,-0.006063544,1500,0.65867,0.65859,-0.002217405,-0.040046934
642607,Dario Agrazal,1220,0.06721,0.09758,-0.028964357,369,0.3523,0.31346,0.033704927,608,0.63322,0.656,-0.01729526,0.022035831
643230,Steven Brault,5004,0.09752,0.09157,0.000443579,1768,0.24208,0.25857,-0.017445135,2346,0.67434,0.6618,0.004591609,-0.021593166
643256,Adam Cimber,1761,0.0971,0.09187,6.49E-06,612,0.33987,0.27256,0.055936962,928,0.70151,0.66566,0.018235033,0.037708417
643316,Paul Fry,1793,0.10151,0.10607,-0.002969769,802,0.28429,0.27133,0.02241991,820,0.62317,0.65937,-0.034331484,0.053781625
643327,Zack Godley,8662,0.11764,0.10323,0.011835848,2131,0.25059,0.27122,-0.012167674,3888,0.63066,0.62591,-0.00638422,0.006052394
643338,Chad Green,4508,0.13709,0.10224,0.034362807,1388,0.31772,0.33843,-0.009056042,2327,0.70004,0.68823,0.00049147,0.024815295
643354,Donnie Hart,1527,0.09496,0.10057,-0.004685541,509,0.25933,0.26121,0.001189349,686,0.63848,0.6337,-0.00662602,0.003129829
643410,Mark Leiter Jr.,1890,0.08677,0.09896,-0.006827028,639,0.27074,0.29093,-0.009019574,924,0.63528,0.65823,-0.019053117,0.003206515
643493,Austin Pruitt,3129,0.09843,0.12683,-0.025811931,871,0.27555,0.3222,-0.035777289,1533,0.67515,0.63695,0.024368307,-0.085957527
643617,Zac Reininger,1093,0.0677,0.10364,-0.029720402,384,0.27344,0.2801,0.010834407,514,0.63035,0.63018,-0.009358602,-0.009527393
643778,Tyler Webb,1450,0.09655,0.10919,-0.0103751,571,0.27145,0.30976,-0.021555179,714,0.67647,0.6656,-4.55E-05,-0.031884796
645261,Sandy Alcantara,3840,0.10599,0.10462,9.46E-05,1360,0.31691,0.29816,0.028928781,1838,0.67628,0.65697,0.007087336,0.021936096
647336,Mike Soroka,2920,0.10445,0.1003,0.002115092,875,0.33714,0.29836,0.038134608,1394,0.67145,0.64345,0.014707763,0.025541937
650828,Edgar Santana,1288,0.12811,0.09769,0.025387746,398,0.26131,0.25237,0.019195918,669,0.67564,0.63515,0.022451085,0.02213258
650895,Diego Castillo,2229,0.13414,0.10864,0.023909475,575,0.2487,0.25624,-0.003009622,1129,0.61382,0.65076,-0.043324893,0.064224747
656186,Dan Altavilla,1628,0.12776,0.10172,0.027222828,409,0.24205,0.27355,-0.025400394,815,0.71656,0.65724,0.038109403,-0.036286969
656222,Jalen Beeks,2719,0.10371,0.11217,-0.009636769,1160,0.22931,0.26864,-0.033391814,1276,0.68025,0.66911,-0.00230604,-0.040722542
656288,Griffin Canning,1552,0.13789,0.12967,0.005550429,439,0.2779,0.3233,-0.021433406,686,0.65452,0.64821,0.000153339,-0.016036316
656302,Dylan Cease,1364,0.1107,0.11535,-0.007409659,491,0.26477,0.27526,-0.001198318,623,0.6549,0.65718,-0.011742979,0.003135002
656354,Austin Davis,1038,0.11079,0.10362,0.007494752,439,0.23462,0.27533,-0.026183443,513,0.67836,0.66703,0.001333326,-0.020022016
656427,Jack Flaherty,6245,0.13547,0.11712,0.015343611,1856,0.27963,0.29846,-0.014515263,3009,0.67032,0.66422,-0.004408168,0.005236516
656546,Jeff Hoffman,3436,0.08586,0.10458,-0.020196217,917,0.27481,0.30733,-0.020021254,1738,0.65075,0.66378,-0.022185002,-0.018032469
656547,Jonathan Holder,2572,0.1147,0.11598,-0.000847426,803,0.31382,0.32026,-4.03E-05,1289,0.6633,0.65646,-0.004081076,0.003193358
656685,Brett Martin,1054,0.13378,0.11155,0.018767766,395,0.29114,0.2953,0.008206467,546,0.7033,0.64117,0.044312935,-0.017338702
656756,Jordan Montgomery,2872,0.11943,0.11737,0.001376183,1069,0.30402,0.27501,0.008476974,1349,0.65159,0.63396,0.000812779,0.009040378
656794,Sean Newcomb,5922,0.10199,0.10215,-0.002218805,2396,0.24875,0.2689,-0.024862311,2771,0.66655,0.67385,-0.015627025,-0.011454091
656887,Sean Reid-Foley,1234,0.11021,0.10806,0.003442903,365,0.25479,0.28759,-0.012223827,592,0.67905,0.66432,0.000911412,-0.009692336
656945,Tanner Scott,1473,0.15954,0.10365,0.050637105,748,0.32487,0.25381,0.06875919,639,0.70266,0.65205,0.033988546,0.085407749
657024,Erik Swanson,970,0.09381,0.1089,-0.01373741,319,0.32915,0.33252,0.002011444,506,0.67589,0.67111,-0.004637589,-0.007088378
657053,Touki Toussaint,1230,0.1122,0.10135,0.006191593,444,0.25,0.27115,-0.01048812,513,0.58285,0.64148,-0.048469223,0.044172697
657141,Jordan Yamamoto,1376,0.09157,0.09915,-0.006394122,345,0.26087,0.31108,-0.027508367,665,0.63308,0.6712,-0.034348069,0.00044558
657571,Caleb Ferguson,1666,0.10564,0.09716,0.005538421,654,0.23242,0.28753,-0.044568419,899,0.69299,0.69308,-0.010633355,-0.028396643
657610,Trevor Hildenberger,2191,0.12643,0.11147,0.013237577,643,0.39191,0.32634,0.060471081,1033,0.6486,0.65422,-0.018289907,0.091998565
657612,Tim Hill,1442,0.08738,0.08356,0.003545748,438,0.25342,0.30223,-0.023111017,798,0.65915,0.64584,0.004664752,-0.024230021
657624,Josh James,1594,0.15684,0.1062,0.045783292,493,0.24138,0.30508,-0.04185335,776,0.65335,0.68876,-0.032069543,0.035999484
659275,Dinelson Lamet,2876,0.12969,0.10844,0.018976429,791,0.23135,0.26819,-0.022755947,1422,0.6301,0.65176,-0.025795742,0.022016224
660761,Jose Suarez,1554,0.10811,0.1227,-0.012466433,593,0.24958,0.29848,-0.027781975,747,0.67202,0.6688,-0.006113438,-0.03413497
661255,Yoan Lopez,1056,0.09754,0.10679,-0.008907756,327,0.23853,0.2733,-0.021468527,530,0.68491,0.64756,0.014487495,-0.044863778
663423,Trent Thornton,2797,0.10011,0.11022,-0.009572911,847,0.25266,0.30246,-0.031611415,1231,0.64338,0.66167,-0.022794412,-0.018389915
663465,Kolby Allard,1078,0.07421,0.09099,-0.015431597,391,0.22251,0.27092,-0.036600871,577,0.65858,0.67757,-0.02022259,-0.031809878
663567,Peter Lambert,1576,0.0698,0.1117,-0.03649152,458,0.24891,0.32301,-0.041261634,756,0.66931,0.64391,0.01941339,-0.097166544
663855,Jordan Hicks,1790,0.10112,0.09606,0.005202659,530,0.24151,0.26257,-0.007987241,871,0.58898,0.64388,-0.058825799,0.056041217
663978,Chris Paddack,2280,0.11491,0.12557,-0.009490111,766,0.38512,0.40416,-0.0119208,1201,0.69026,0.70267,-0.023385522,0.001974612
664192,Joey Lucchesi,4838,0.10748,0.09743,0.005959407,1749,0.22527,0.2778,-0.046508185,2276,0.6507,0.68462,-0.038096266,-0.002452512
664199,Taylor Clarke,1507,0.09887,0.11788,-0.017702684,485,0.27216,0.32627,-0.034969026,699,0.71817,0.65907,0.037549502,-0.090221213
664208,Phil Maton,2227,0.13336,0.10144,0.029131747,627,0.23445,0.28829,-0.038659541,1122,0.68895,0.66368,0.006100483,-0.015628278
664285,Framber Valdez,1722,0.09698,0.09756,-6.79E-05,717,0.20223,0.25449,-0.039333237,830,0.62651,0.62815,-0.001383963,-0.038017176
664641,Ariel Miranda,3654,0.10099,0.10876,-0.003353509,1468,0.20436,0.28769,-0.080137983,1911,0.69178,0.66488,0.011853824,-0.095345315
668676,Zach Plesac,1892,0.09514,0.10966,-0.012520875,495,0.26263,0.30514,-0.030425892,977,0.69089,0.68561,-0.001226334,-0.041720433
668678,Zac Gallen,1387,0.12906,0.11539,0.01014836,479,0.34864,0.35983,-0.001198392,641,0.60686,0.65472,-0.041635604,0.050585572
669203,Corbin Burnes,1481,0.1661,0.10275,0.05568698,383,0.19582,0.26704,-0.047934305,732,0.67623,0.64733,0.009746699,-0.001994024
669456,Shane Bieber,5051,0.13166,0.12291,0.004413521,1116,0.28943,0.32817,-0.023309725,2476,0.64499,0.65043,-0.018529455,-0.000366749
670950,Trevor Richards,4612,0.11232,0.11688,-0.008041028,1711,0.34717,0.3587,-0.006264812,2108,0.68264,0.68,-0.011552322,-0.002753518
673633,Yoshihisa Hirano,2156,0.13358,0.12011,0.012487464,775,0.3729,0.34861,0.032472445,935,0.67807,0.68801,-0.024465973,0.069425883
